Name,Path,Target
A_000,C:\Users\utilisateur\Documents\microsoft_IA\Projets\Sign_Language_Recognition\dataset_final\A\A_000.jpg,A
A_001,C:\Users\utilisateur\Documents\microsoft_IA\Projets\Sign_Language_Recognition\dataset_final\A\A_001.jpg,A
A_002,C:\Users\utilisateur\Documents\microsoft_IA\Projets\Sign_Language_Recognition\dataset_final\A\A_002.jpg,A
A_003,C:\Users\utilisateur\Documents\microsoft_IA\Projets\Sign_Language_Recognition\dataset_final\A\A_003.jpg,A
A_004,C:\Users\utilisateur\Documents\microsoft_IA\Projets\Sign_Language_Recognition\dataset_final\A\A_004.jpg,A
A_005,C:\Users\utilisateur\Documents\microsoft_IA\Projets\Sign_Language_Recognition\dataset_final\A\A_005.jpg,A
A_006,C:\Users\utilisateur\Documents\microsoft_IA\Projets\Sign_Language_Recognition\dataset_final\A\A_006.jpg,A
A_007,C:\Users\utilisateur\Documents\microsoft_IA\Projets\Sign_Language_Recognition\dataset_final\A\A_007.jpg,A
A_008,C:\Users\utilisateur\Documents\microsoft_IA\Projets\Sign_Language_Recognition\dataset_final\A\A_008.jpg,A
A_011,C:\Users\utilisateur\Documents\microsoft_IA\Projets\Sign_Language_Recognition\dataset_final\A\A_011.jpg,A
A_012,C:\Users\utilisateur\Documents\microsoft_IA\Projets\Sign_Language_Recognition\dataset_final\A\A_012.jpg,A
A_013,C:\Users\utilisateur\Documents\microsoft_IA\Projets\Sign_Language_Recognition\dataset_final\A\A_013.jpg,A
A_014,C:\Users\utilisateur\Documents\microsoft_IA\Projets\Sign_Language_Recognition\dataset_final\A\A_014.jpg,A
A_015,C:\Users\utilisateur\Documents\microsoft_IA\Projets\Sign_Language_Recognition\dataset_final\A\A_015.jpg,A
A_016,C:\Users\utilisateur\Documents\microsoft_IA\Projets\Sign_Language_Recognition\dataset_final\A\A_016.jpg,A
A_017,C:\Users\utilisateur\Documents\microsoft_IA\Projets\Sign_Language_Recognition\dataset_final\A\A_017.jpg,A
A_018,C:\Users\utilisateur\Documents\microsoft_IA\Projets\Sign_Language_Recognition\dataset_final\A\A_018.jpg,A
A_019,C:\Users\utilisateur\Documents\microsoft_IA\Projets\Sign_Language_Recognition\dataset_final\A\A_019.jpg,A
A_020,C:\Users\utilisateur\Documents\microsoft_IA\Projets\Sign_Language_Recognition\dataset_final\A\A_020.jpg,A
A_021,C:\Users\utilisateur\Documents\microsoft_IA\Projets\Sign_Language_Recognition\dataset_final\A\A_021.jpg,A
A_022,C:\Users\utilisateur\Documents\microsoft_IA\Projets\Sign_Language_Recognition\dataset_final\A\A_022.jpg,A
A_023,C:\Users\utilisateur\Documents\microsoft_IA\Projets\Sign_Language_Recognition\dataset_final\A\A_023.jpg,A
A_024,C:\Users\utilisateur\Documents\microsoft_IA\Projets\Sign_Language_Recognition\dataset_final\A\A_024.jpg,A
A_025,C:\Users\utilisateur\Documents\microsoft_IA\Projets\Sign_Language_Recognition\dataset_final\A\A_025.jpg,A
A_026,C:\Users\utilisateur\Documents\microsoft_IA\Projets\Sign_Language_Recognition\dataset_final\A\A_026.jpg,A
A_027,C:\Users\utilisateur\Documents\microsoft_IA\Projets\Sign_Language_Recognition\dataset_final\A\A_027.jpg,A
A_028,C:\Users\utilisateur\Documents\microsoft_IA\Projets\Sign_Language_Recognition\dataset_final\A\A_028.jpg,A
A_029,C:\Users\utilisateur\Documents\microsoft_IA\Projets\Sign_Language_Recognition\dataset_final\A\A_029.jpg,A
A_030,C:\Users\utilisateur\Documents\microsoft_IA\Projets\Sign_Language_Recognition\dataset_final\A\A_030.jpg,A
A_031,C:\Users\utilisateur\Documents\microsoft_IA\Projets\Sign_Language_Recognition\dataset_final\A\A_031.jpg,A
A_032,C:\Users\utilisateur\Documents\microsoft_IA\Projets\Sign_Language_Recognition\dataset_final\A\A_032.jpg,A
B_000,C:\Users\utilisateur\Documents\microsoft_IA\Projets\Sign_Language_Recognition\dataset_final\B\B_000.jpg,B
B_001,C:\Users\utilisateur\Documents\microsoft_IA\Projets\Sign_Language_Recognition\dataset_final\B\B_001.jpg,B
B_002,C:\Users\utilisateur\Documents\microsoft_IA\Projets\Sign_Language_Recognition\dataset_final\B\B_002.jpg,B
B_003,C:\Users\utilisateur\Documents\microsoft_IA\Projets\Sign_Language_Recognition\dataset_final\B\B_003.jpg,B
B_004,C:\Users\utilisateur\Documents\microsoft_IA\Projets\Sign_Language_Recognition\dataset_final\B\B_004.jpg,B
B_005,C:\Users\utilisateur\Documents\microsoft_IA\Projets\Sign_Language_Recognition\dataset_final\B\B_005.jpg,B
B_006,C:\Users\utilisateur\Documents\microsoft_IA\Projets\Sign_Language_Recognition\dataset_final\B\B_006.jpg,B
B_007,C:\Users\utilisateur\Documents\microsoft_IA\Projets\Sign_Language_Recognition\dataset_final\B\B_007.jpg,B
B_008,C:\Users\utilisateur\Documents\microsoft_IA\Projets\Sign_Language_Recognition\dataset_final\B\B_008.jpg,B
B_009,C:\Users\utilisateur\Documents\microsoft_IA\Projets\Sign_Language_Recognition\dataset_final\B\B_009.jpg,B
B_010,C:\Users\utilisateur\Documents\microsoft_IA\Projets\Sign_Language_Recognition\dataset_final\B\B_010.jpg,B
B_011,C:\Users\utilisateur\Documents\microsoft_IA\Projets\Sign_Language_Recognition\dataset_final\B\B_011.jpg,B
B_012,C:\Users\utilisateur\Documents\microsoft_IA\Projets\Sign_Language_Recognition\dataset_final\B\B_012.jpg,B
B_013,C:\Users\utilisateur\Documents\microsoft_IA\Projets\Sign_Language_Recognition\dataset_final\B\B_013.jpg,B
B_014,C:\Users\utilisateur\Documents\microsoft_IA\Projets\Sign_Language_Recognition\dataset_final\B\B_014.jpg,B
B_015,C:\Users\utilisateur\Documents\microsoft_IA\Projets\Sign_Language_Recognition\dataset_final\B\B_015.jpg,B
B_016,C:\Users\utilisateur\Documents\microsoft_IA\Projets\Sign_Language_Recognition\dataset_final\B\B_016.jpg,B
B_017,C:\Users\utilisateur\Documents\microsoft_IA\Projets\Sign_Language_Recognition\dataset_final\B\B_017.jpg,B
B_018,C:\Users\utilisateur\Documents\microsoft_IA\Projets\Sign_Language_Recognition\dataset_final\B\B_018.jpg,B
B_019,C:\Users\utilisateur\Documents\microsoft_IA\Projets\Sign_Language_Recognition\dataset_final\B\B_019.jpg,B
B_020,C:\Users\utilisateur\Documents\microsoft_IA\Projets\Sign_Language_Recognition\dataset_final\B\B_020.jpg,B
B_021,C:\Users\utilisateur\Documents\microsoft_IA\Projets\Sign_Language_Recognition\dataset_final\B\B_021.jpg,B
B_022,C:\Users\utilisateur\Documents\microsoft_IA\Projets\Sign_Language_Recognition\dataset_final\B\B_022.jpg,B
B_023,C:\Users\utilisateur\Documents\microsoft_IA\Projets\Sign_Language_Recognition\dataset_final\B\B_023.jpg,B
B_024,C:\Users\utilisateur\Documents\microsoft_IA\Projets\Sign_Language_Recognition\dataset_final\B\B_024.jpg,B
B_025,C:\Users\utilisateur\Documents\microsoft_IA\Projets\Sign_Language_Recognition\dataset_final\B\B_025.jpg,B
B_026,C:\Users\utilisateur\Documents\microsoft_IA\Projets\Sign_Language_Recognition\dataset_final\B\B_026.jpg,B
B_027,C:\Users\utilisateur\Documents\microsoft_IA\Projets\Sign_Language_Recognition\dataset_final\B\B_027.jpg,B
B_028,C:\Users\utilisateur\Documents\microsoft_IA\Projets\Sign_Language_Recognition\dataset_final\B\B_028.jpg,B
B_029,C:\Users\utilisateur\Documents\microsoft_IA\Projets\Sign_Language_Recognition\dataset_final\B\B_029.jpg,B
B_030,C:\Users\utilisateur\Documents\microsoft_IA\Projets\Sign_Language_Recognition\dataset_final\B\B_030.jpg,B
B_031,C:\Users\utilisateur\Documents\microsoft_IA\Projets\Sign_Language_Recognition\dataset_final\B\B_031.jpg,B
B_032,C:\Users\utilisateur\Documents\microsoft_IA\Projets\Sign_Language_Recognition\dataset_final\B\B_032.jpg,B
B_033,C:\Users\utilisateur\Documents\microsoft_IA\Projets\Sign_Language_Recognition\dataset_final\B\B_033.jpg,B
B_034,C:\Users\utilisateur\Documents\microsoft_IA\Projets\Sign_Language_Recognition\dataset_final\B\B_034.jpg,B
B_035,C:\Users\utilisateur\Documents\microsoft_IA\Projets\Sign_Language_Recognition\dataset_final\B\B_035.jpg,B
B_036,C:\Users\utilisateur\Documents\microsoft_IA\Projets\Sign_Language_Recognition\dataset_final\B\B_036.jpg,B
B_037,C:\Users\utilisateur\Documents\microsoft_IA\Projets\Sign_Language_Recognition\dataset_final\B\B_037.jpg,B
B_038,C:\Users\utilisateur\Documents\microsoft_IA\Projets\Sign_Language_Recognition\dataset_final\B\B_038.jpg,B
B_039,C:\Users\utilisateur\Documents\microsoft_IA\Projets\Sign_Language_Recognition\dataset_final\B\B_039.jpg,B
B_040,C:\Users\utilisateur\Documents\microsoft_IA\Projets\Sign_Language_Recognition\dataset_final\B\B_040.jpg,B
B_041,C:\Users\utilisateur\Documents\microsoft_IA\Projets\Sign_Language_Recognition\dataset_final\B\B_041.jpg,B
B_042,C:\Users\utilisateur\Documents\microsoft_IA\Projets\Sign_Language_Recognition\dataset_final\B\B_042.jpg,B
C_000,C:\Users\utilisateur\Documents\microsoft_IA\Projets\Sign_Language_Recognition\dataset_final\C\C_000.jpg,C
C_001,C:\Users\utilisateur\Documents\microsoft_IA\Projets\Sign_Language_Recognition\dataset_final\C\C_001.jpg,C
C_002,C:\Users\utilisateur\Documents\microsoft_IA\Projets\Sign_Language_Recognition\dataset_final\C\C_002.jpg,C
C_003,C:\Users\utilisateur\Documents\microsoft_IA\Projets\Sign_Language_Recognition\dataset_final\C\C_003.jpg,C
C_004,C:\Users\utilisateur\Documents\microsoft_IA\Projets\Sign_Language_Recognition\dataset_final\C\C_004.jpg,C
C_005,C:\Users\utilisateur\Documents\microsoft_IA\Projets\Sign_Language_Recognition\dataset_final\C\C_005.jpg,C
C_006,C:\Users\utilisateur\Documents\microsoft_IA\Projets\Sign_Language_Recognition\dataset_final\C\C_006.jpg,C
C_007,C:\Users\utilisateur\Documents\microsoft_IA\Projets\Sign_Language_Recognition\dataset_final\C\C_007.jpg,C
C_008,C:\Users\utilisateur\Documents\microsoft_IA\Projets\Sign_Language_Recognition\dataset_final\C\C_008.jpg,C
C_009,C:\Users\utilisateur\Documents\microsoft_IA\Projets\Sign_Language_Recognition\dataset_final\C\C_009.jpg,C
C_010,C:\Users\utilisateur\Documents\microsoft_IA\Projets\Sign_Language_Recognition\dataset_final\C\C_010.jpg,C
C_011,C:\Users\utilisateur\Documents\microsoft_IA\Projets\Sign_Language_Recognition\dataset_final\C\C_011.jpg,C
C_012,C:\Users\utilisateur\Documents\microsoft_IA\Projets\Sign_Language_Recognition\dataset_final\C\C_012.jpg,C
C_013,C:\Users\utilisateur\Documents\microsoft_IA\Projets\Sign_Language_Recognition\dataset_final\C\C_013.jpg,C
C_014,C:\Users\utilisateur\Documents\microsoft_IA\Projets\Sign_Language_Recognition\dataset_final\C\C_014.jpg,C
C_015,C:\Users\utilisateur\Documents\microsoft_IA\Projets\Sign_Language_Recognition\dataset_final\C\C_015.jpg,C
C_016,C:\Users\utilisateur\Documents\microsoft_IA\Projets\Sign_Language_Recognition\dataset_final\C\C_016.jpg,C
C_017,C:\Users\utilisateur\Documents\microsoft_IA\Projets\Sign_Language_Recognition\dataset_final\C\C_017.jpg,C
C_018,C:\Users\utilisateur\Documents\microsoft_IA\Projets\Sign_Language_Recognition\dataset_final\C\C_018.jpg,C
C_019,C:\Users\utilisateur\Documents\microsoft_IA\Projets\Sign_Language_Recognition\dataset_final\C\C_019.jpg,C
C_020,C:\Users\utilisateur\Documents\microsoft_IA\Projets\Sign_Language_Recognition\dataset_final\C\C_020.jpg,C
C_021,C:\Users\utilisateur\Documents\microsoft_IA\Projets\Sign_Language_Recognition\dataset_final\C\C_021.jpg,C
C_022,C:\Users\utilisateur\Documents\microsoft_IA\Projets\Sign_Language_Recognition\dataset_final\C\C_022.jpg,C
C_023,C:\Users\utilisateur\Documents\microsoft_IA\Projets\Sign_Language_Recognition\dataset_final\C\C_023.jpg,C
C_024,C:\Users\utilisateur\Documents\microsoft_IA\Projets\Sign_Language_Recognition\dataset_final\C\C_024.jpg,C
C_025,C:\Users\utilisateur\Documents\microsoft_IA\Projets\Sign_Language_Recognition\dataset_final\C\C_025.jpg,C
C_026,C:\Users\utilisateur\Documents\microsoft_IA\Projets\Sign_Language_Recognition\dataset_final\C\C_026.jpg,C
C_027,C:\Users\utilisateur\Documents\microsoft_IA\Projets\Sign_Language_Recognition\dataset_final\C\C_027.jpg,C
C_028,C:\Users\utilisateur\Documents\microsoft_IA\Projets\Sign_Language_Recognition\dataset_final\C\C_028.jpg,C
C_029,C:\Users\utilisateur\Documents\microsoft_IA\Projets\Sign_Language_Recognition\dataset_final\C\C_029.jpg,C
C_030,C:\Users\utilisateur\Documents\microsoft_IA\Projets\Sign_Language_Recognition\dataset_final\C\C_030.jpg,C
C_031,C:\Users\utilisateur\Documents\microsoft_IA\Projets\Sign_Language_Recognition\dataset_final\C\C_031.jpg,C
D_000,C:\Users\utilisateur\Documents\microsoft_IA\Projets\Sign_Language_Recognition\dataset_final\D\D_000.jpg,D
D_001,C:\Users\utilisateur\Documents\microsoft_IA\Projets\Sign_Language_Recognition\dataset_final\D\D_001.jpg,D
D_002,C:\Users\utilisateur\Documents\microsoft_IA\Projets\Sign_Language_Recognition\dataset_final\D\D_002.jpg,D
D_003,C:\Users\utilisateur\Documents\microsoft_IA\Projets\Sign_Language_Recognition\dataset_final\D\D_003.jpg,D
D_004,C:\Users\utilisateur\Documents\microsoft_IA\Projets\Sign_Language_Recognition\dataset_final\D\D_004.jpg,D
D_005,C:\Users\utilisateur\Documents\microsoft_IA\Projets\Sign_Language_Recognition\dataset_final\D\D_005.jpg,D
D_006,C:\Users\utilisateur\Documents\microsoft_IA\Projets\Sign_Language_Recognition\dataset_final\D\D_006.jpg,D
D_007,C:\Users\utilisateur\Documents\microsoft_IA\Projets\Sign_Language_Recognition\dataset_final\D\D_007.jpg,D
D_008,C:\Users\utilisateur\Documents\microsoft_IA\Projets\Sign_Language_Recognition\dataset_final\D\D_008.jpg,D
D_009,C:\Users\utilisateur\Documents\microsoft_IA\Projets\Sign_Language_Recognition\dataset_final\D\D_009.jpg,D
D_010,C:\Users\utilisateur\Documents\microsoft_IA\Projets\Sign_Language_Recognition\dataset_final\D\D_010.jpg,D
D_011,C:\Users\utilisateur\Documents\microsoft_IA\Projets\Sign_Language_Recognition\dataset_final\D\D_011.jpg,D
D_012,C:\Users\utilisateur\Documents\microsoft_IA\Projets\Sign_Language_Recognition\dataset_final\D\D_012.jpg,D
D_013,C:\Users\utilisateur\Documents\microsoft_IA\Projets\Sign_Language_Recognition\dataset_final\D\D_013.jpg,D
D_014,C:\Users\utilisateur\Documents\microsoft_IA\Projets\Sign_Language_Recognition\dataset_final\D\D_014.jpg,D
D_015,C:\Users\utilisateur\Documents\microsoft_IA\Projets\Sign_Language_Recognition\dataset_final\D\D_015.jpg,D
D_016,C:\Users\utilisateur\Documents\microsoft_IA\Projets\Sign_Language_Recognition\dataset_final\D\D_016.jpg,D
D_017,C:\Users\utilisateur\Documents\microsoft_IA\Projets\Sign_Language_Recognition\dataset_final\D\D_017.jpg,D
D_018,C:\Users\utilisateur\Documents\microsoft_IA\Projets\Sign_Language_Recognition\dataset_final\D\D_018.jpg,D
D_019,C:\Users\utilisateur\Documents\microsoft_IA\Projets\Sign_Language_Recognition\dataset_final\D\D_019.jpg,D
D_020,C:\Users\utilisateur\Documents\microsoft_IA\Projets\Sign_Language_Recognition\dataset_final\D\D_020.jpg,D
D_021,C:\Users\utilisateur\Documents\microsoft_IA\Projets\Sign_Language_Recognition\dataset_final\D\D_021.jpg,D
D_022,C:\Users\utilisateur\Documents\microsoft_IA\Projets\Sign_Language_Recognition\dataset_final\D\D_022.jpg,D
D_023,C:\Users\utilisateur\Documents\microsoft_IA\Projets\Sign_Language_Recognition\dataset_final\D\D_023.jpg,D
D_024,C:\Users\utilisateur\Documents\microsoft_IA\Projets\Sign_Language_Recognition\dataset_final\D\D_024.jpg,D
D_025,C:\Users\utilisateur\Documents\microsoft_IA\Projets\Sign_Language_Recognition\dataset_final\D\D_025.jpg,D
D_026,C:\Users\utilisateur\Documents\microsoft_IA\Projets\Sign_Language_Recognition\dataset_final\D\D_026.jpg,D
D_027,C:\Users\utilisateur\Documents\microsoft_IA\Projets\Sign_Language_Recognition\dataset_final\D\D_027.jpg,D
D_028,C:\Users\utilisateur\Documents\microsoft_IA\Projets\Sign_Language_Recognition\dataset_final\D\D_028.jpg,D
D_029,C:\Users\utilisateur\Documents\microsoft_IA\Projets\Sign_Language_Recognition\dataset_final\D\D_029.jpg,D
D_030,C:\Users\utilisateur\Documents\microsoft_IA\Projets\Sign_Language_Recognition\dataset_final\D\D_030.jpg,D
D_031,C:\Users\utilisateur\Documents\microsoft_IA\Projets\Sign_Language_Recognition\dataset_final\D\D_031.jpg,D
D_032,C:\Users\utilisateur\Documents\microsoft_IA\Projets\Sign_Language_Recognition\dataset_final\D\D_032.jpg,D
D_033,C:\Users\utilisateur\Documents\microsoft_IA\Projets\Sign_Language_Recognition\dataset_final\D\D_033.jpg,D
D_034,C:\Users\utilisateur\Documents\microsoft_IA\Projets\Sign_Language_Recognition\dataset_final\D\D_034.jpg,D
D_035,C:\Users\utilisateur\Documents\microsoft_IA\Projets\Sign_Language_Recognition\dataset_final\D\D_035.jpg,D
D_036,C:\Users\utilisateur\Documents\microsoft_IA\Projets\Sign_Language_Recognition\dataset_final\D\D_036.jpg,D
D_037,C:\Users\utilisateur\Documents\microsoft_IA\Projets\Sign_Language_Recognition\dataset_final\D\D_037.jpg,D
D_038,C:\Users\utilisateur\Documents\microsoft_IA\Projets\Sign_Language_Recognition\dataset_final\D\D_038.jpg,D
D_039,C:\Users\utilisateur\Documents\microsoft_IA\Projets\Sign_Language_Recognition\dataset_final\D\D_039.jpg,D
D_040,C:\Users\utilisateur\Documents\microsoft_IA\Projets\Sign_Language_Recognition\dataset_final\D\D_040.jpg,D
E_000,C:\Users\utilisateur\Documents\microsoft_IA\Projets\Sign_Language_Recognition\dataset_final\E\E_000.jpg,E
E_001,C:\Users\utilisateur\Documents\microsoft_IA\Projets\Sign_Language_Recognition\dataset_final\E\E_001.jpg,E
E_002,C:\Users\utilisateur\Documents\microsoft_IA\Projets\Sign_Language_Recognition\dataset_final\E\E_002.jpg,E
E_003,C:\Users\utilisateur\Documents\microsoft_IA\Projets\Sign_Language_Recognition\dataset_final\E\E_003.jpg,E
E_004,C:\Users\utilisateur\Documents\microsoft_IA\Projets\Sign_Language_Recognition\dataset_final\E\E_004.jpg,E
E_005,C:\Users\utilisateur\Documents\microsoft_IA\Projets\Sign_Language_Recognition\dataset_final\E\E_005.jpg,E
E_006,C:\Users\utilisateur\Documents\microsoft_IA\Projets\Sign_Language_Recognition\dataset_final\E\E_006.jpg,E
E_007,C:\Users\utilisateur\Documents\microsoft_IA\Projets\Sign_Language_Recognition\dataset_final\E\E_007.jpg,E
E_008,C:\Users\utilisateur\Documents\microsoft_IA\Projets\Sign_Language_Recognition\dataset_final\E\E_008.jpg,E
E_009,C:\Users\utilisateur\Documents\microsoft_IA\Projets\Sign_Language_Recognition\dataset_final\E\E_009.jpg,E
E_010,C:\Users\utilisateur\Documents\microsoft_IA\Projets\Sign_Language_Recognition\dataset_final\E\E_010.jpg,E
E_011,C:\Users\utilisateur\Documents\microsoft_IA\Projets\Sign_Language_Recognition\dataset_final\E\E_011.jpg,E
E_012,C:\Users\utilisateur\Documents\microsoft_IA\Projets\Sign_Language_Recognition\dataset_final\E\E_012.jpg,E
E_013,C:\Users\utilisateur\Documents\microsoft_IA\Projets\Sign_Language_Recognition\dataset_final\E\E_013.jpg,E
E_014,C:\Users\utilisateur\Documents\microsoft_IA\Projets\Sign_Language_Recognition\dataset_final\E\E_014.jpg,E
E_015,C:\Users\utilisateur\Documents\microsoft_IA\Projets\Sign_Language_Recognition\dataset_final\E\E_015.jpg,E
E_016,C:\Users\utilisateur\Documents\microsoft_IA\Projets\Sign_Language_Recognition\dataset_final\E\E_016.jpg,E
E_017,C:\Users\utilisateur\Documents\microsoft_IA\Projets\Sign_Language_Recognition\dataset_final\E\E_017.jpg,E
E_018,C:\Users\utilisateur\Documents\microsoft_IA\Projets\Sign_Language_Recognition\dataset_final\E\E_018.jpg,E
E_019,C:\Users\utilisateur\Documents\microsoft_IA\Projets\Sign_Language_Recognition\dataset_final\E\E_019.jpg,E
E_020,C:\Users\utilisateur\Documents\microsoft_IA\Projets\Sign_Language_Recognition\dataset_final\E\E_020.jpg,E
E_021,C:\Users\utilisateur\Documents\microsoft_IA\Projets\Sign_Language_Recognition\dataset_final\E\E_021.jpg,E
E_022,C:\Users\utilisateur\Documents\microsoft_IA\Projets\Sign_Language_Recognition\dataset_final\E\E_022.jpg,E
E_023,C:\Users\utilisateur\Documents\microsoft_IA\Projets\Sign_Language_Recognition\dataset_final\E\E_023.jpg,E
E_024,C:\Users\utilisateur\Documents\microsoft_IA\Projets\Sign_Language_Recognition\dataset_final\E\E_024.jpg,E
E_025,C:\Users\utilisateur\Documents\microsoft_IA\Projets\Sign_Language_Recognition\dataset_final\E\E_025.jpg,E
E_026,C:\Users\utilisateur\Documents\microsoft_IA\Projets\Sign_Language_Recognition\dataset_final\E\E_026.jpg,E
E_027,C:\Users\utilisateur\Documents\microsoft_IA\Projets\Sign_Language_Recognition\dataset_final\E\E_027.jpg,E
E_028,C:\Users\utilisateur\Documents\microsoft_IA\Projets\Sign_Language_Recognition\dataset_final\E\E_028.jpg,E
E_029,C:\Users\utilisateur\Documents\microsoft_IA\Projets\Sign_Language_Recognition\dataset_final\E\E_029.jpg,E
E_030,C:\Users\utilisateur\Documents\microsoft_IA\Projets\Sign_Language_Recognition\dataset_final\E\E_030.jpg,E
E_031,C:\Users\utilisateur\Documents\microsoft_IA\Projets\Sign_Language_Recognition\dataset_final\E\E_031.jpg,E
E_032,C:\Users\utilisateur\Documents\microsoft_IA\Projets\Sign_Language_Recognition\dataset_final\E\E_032.jpg,E
E_033,C:\Users\utilisateur\Documents\microsoft_IA\Projets\Sign_Language_Recognition\dataset_final\E\E_033.jpg,E
E_034,C:\Users\utilisateur\Documents\microsoft_IA\Projets\Sign_Language_Recognition\dataset_final\E\E_034.jpg,E
F_000,C:\Users\utilisateur\Documents\microsoft_IA\Projets\Sign_Language_Recognition\dataset_final\F\F_000.jpg,F
F_001,C:\Users\utilisateur\Documents\microsoft_IA\Projets\Sign_Language_Recognition\dataset_final\F\F_001.jpg,F
F_002,C:\Users\utilisateur\Documents\microsoft_IA\Projets\Sign_Language_Recognition\dataset_final\F\F_002.jpg,F
F_003,C:\Users\utilisateur\Documents\microsoft_IA\Projets\Sign_Language_Recognition\dataset_final\F\F_003.jpg,F
F_004,C:\Users\utilisateur\Documents\microsoft_IA\Projets\Sign_Language_Recognition\dataset_final\F\F_004.jpg,F
F_005,C:\Users\utilisateur\Documents\microsoft_IA\Projets\Sign_Language_Recognition\dataset_final\F\F_005.jpg,F
F_006,C:\Users\utilisateur\Documents\microsoft_IA\Projets\Sign_Language_Recognition\dataset_final\F\F_006.jpg,F
F_007,C:\Users\utilisateur\Documents\microsoft_IA\Projets\Sign_Language_Recognition\dataset_final\F\F_007.jpg,F
F_008,C:\Users\utilisateur\Documents\microsoft_IA\Projets\Sign_Language_Recognition\dataset_final\F\F_008.jpg,F
F_009,C:\Users\utilisateur\Documents\microsoft_IA\Projets\Sign_Language_Recognition\dataset_final\F\F_009.jpg,F
F_010,C:\Users\utilisateur\Documents\microsoft_IA\Projets\Sign_Language_Recognition\dataset_final\F\F_010.jpg,F
F_011,C:\Users\utilisateur\Documents\microsoft_IA\Projets\Sign_Language_Recognition\dataset_final\F\F_011.jpg,F
F_012,C:\Users\utilisateur\Documents\microsoft_IA\Projets\Sign_Language_Recognition\dataset_final\F\F_012.jpg,F
F_013,C:\Users\utilisateur\Documents\microsoft_IA\Projets\Sign_Language_Recognition\dataset_final\F\F_013.jpg,F
F_014,C:\Users\utilisateur\Documents\microsoft_IA\Projets\Sign_Language_Recognition\dataset_final\F\F_014.jpg,F
F_015,C:\Users\utilisateur\Documents\microsoft_IA\Projets\Sign_Language_Recognition\dataset_final\F\F_015.jpg,F
F_016,C:\Users\utilisateur\Documents\microsoft_IA\Projets\Sign_Language_Recognition\dataset_final\F\F_016.jpg,F
F_017,C:\Users\utilisateur\Documents\microsoft_IA\Projets\Sign_Language_Recognition\dataset_final\F\F_017.jpg,F
F_018,C:\Users\utilisateur\Documents\microsoft_IA\Projets\Sign_Language_Recognition\dataset_final\F\F_018.jpg,F
F_019,C:\Users\utilisateur\Documents\microsoft_IA\Projets\Sign_Language_Recognition\dataset_final\F\F_019.jpg,F
F_020,C:\Users\utilisateur\Documents\microsoft_IA\Projets\Sign_Language_Recognition\dataset_final\F\F_020.jpg,F
F_021,C:\Users\utilisateur\Documents\microsoft_IA\Projets\Sign_Language_Recognition\dataset_final\F\F_021.jpg,F
F_022,C:\Users\utilisateur\Documents\microsoft_IA\Projets\Sign_Language_Recognition\dataset_final\F\F_022.jpg,F
F_023,C:\Users\utilisateur\Documents\microsoft_IA\Projets\Sign_Language_Recognition\dataset_final\F\F_023.jpg,F
F_024,C:\Users\utilisateur\Documents\microsoft_IA\Projets\Sign_Language_Recognition\dataset_final\F\F_024.jpg,F
F_025,C:\Users\utilisateur\Documents\microsoft_IA\Projets\Sign_Language_Recognition\dataset_final\F\F_025.jpg,F
F_026,C:\Users\utilisateur\Documents\microsoft_IA\Projets\Sign_Language_Recognition\dataset_final\F\F_026.jpg,F
F_027,C:\Users\utilisateur\Documents\microsoft_IA\Projets\Sign_Language_Recognition\dataset_final\F\F_027.jpg,F
F_028,C:\Users\utilisateur\Documents\microsoft_IA\Projets\Sign_Language_Recognition\dataset_final\F\F_028.jpg,F
F_029,C:\Users\utilisateur\Documents\microsoft_IA\Projets\Sign_Language_Recognition\dataset_final\F\F_029.jpg,F
F_030,C:\Users\utilisateur\Documents\microsoft_IA\Projets\Sign_Language_Recognition\dataset_final\F\F_030.jpg,F
F_031,C:\Users\utilisateur\Documents\microsoft_IA\Projets\Sign_Language_Recognition\dataset_final\F\F_031.jpg,F
F_032,C:\Users\utilisateur\Documents\microsoft_IA\Projets\Sign_Language_Recognition\dataset_final\F\F_032.jpg,F
F_033,C:\Users\utilisateur\Documents\microsoft_IA\Projets\Sign_Language_Recognition\dataset_final\F\F_033.jpg,F
F_034,C:\Users\utilisateur\Documents\microsoft_IA\Projets\Sign_Language_Recognition\dataset_final\F\F_034.jpg,F
G_000,C:\Users\utilisateur\Documents\microsoft_IA\Projets\Sign_Language_Recognition\dataset_final\G\G_000.jpg,G
G_001,C:\Users\utilisateur\Documents\microsoft_IA\Projets\Sign_Language_Recognition\dataset_final\G\G_001.jpg,G
G_002,C:\Users\utilisateur\Documents\microsoft_IA\Projets\Sign_Language_Recognition\dataset_final\G\G_002.jpg,G
G_003,C:\Users\utilisateur\Documents\microsoft_IA\Projets\Sign_Language_Recognition\dataset_final\G\G_003.jpg,G
G_004,C:\Users\utilisateur\Documents\microsoft_IA\Projets\Sign_Language_Recognition\dataset_final\G\G_004.jpg,G
G_005,C:\Users\utilisateur\Documents\microsoft_IA\Projets\Sign_Language_Recognition\dataset_final\G\G_005.jpg,G
G_006,C:\Users\utilisateur\Documents\microsoft_IA\Projets\Sign_Language_Recognition\dataset_final\G\G_006.jpg,G
G_007,C:\Users\utilisateur\Documents\microsoft_IA\Projets\Sign_Language_Recognition\dataset_final\G\G_007.jpg,G
G_008,C:\Users\utilisateur\Documents\microsoft_IA\Projets\Sign_Language_Recognition\dataset_final\G\G_008.jpg,G
G_009,C:\Users\utilisateur\Documents\microsoft_IA\Projets\Sign_Language_Recognition\dataset_final\G\G_009.jpg,G
G_010,C:\Users\utilisateur\Documents\microsoft_IA\Projets\Sign_Language_Recognition\dataset_final\G\G_010.jpg,G
G_011,C:\Users\utilisateur\Documents\microsoft_IA\Projets\Sign_Language_Recognition\dataset_final\G\G_011.jpg,G
G_012,C:\Users\utilisateur\Documents\microsoft_IA\Projets\Sign_Language_Recognition\dataset_final\G\G_012.jpg,G
G_013,C:\Users\utilisateur\Documents\microsoft_IA\Projets\Sign_Language_Recognition\dataset_final\G\G_013.jpg,G
G_014,C:\Users\utilisateur\Documents\microsoft_IA\Projets\Sign_Language_Recognition\dataset_final\G\G_014.jpg,G
G_015,C:\Users\utilisateur\Documents\microsoft_IA\Projets\Sign_Language_Recognition\dataset_final\G\G_015.jpg,G
G_016,C:\Users\utilisateur\Documents\microsoft_IA\Projets\Sign_Language_Recognition\dataset_final\G\G_016.jpg,G
G_017,C:\Users\utilisateur\Documents\microsoft_IA\Projets\Sign_Language_Recognition\dataset_final\G\G_017.jpg,G
G_018,C:\Users\utilisateur\Documents\microsoft_IA\Projets\Sign_Language_Recognition\dataset_final\G\G_018.jpg,G
G_019,C:\Users\utilisateur\Documents\microsoft_IA\Projets\Sign_Language_Recognition\dataset_final\G\G_019.jpg,G
G_020,C:\Users\utilisateur\Documents\microsoft_IA\Projets\Sign_Language_Recognition\dataset_final\G\G_020.jpg,G
G_021,C:\Users\utilisateur\Documents\microsoft_IA\Projets\Sign_Language_Recognition\dataset_final\G\G_021.jpg,G
G_022,C:\Users\utilisateur\Documents\microsoft_IA\Projets\Sign_Language_Recognition\dataset_final\G\G_022.jpg,G
G_023,C:\Users\utilisateur\Documents\microsoft_IA\Projets\Sign_Language_Recognition\dataset_final\G\G_023.jpg,G
G_024,C:\Users\utilisateur\Documents\microsoft_IA\Projets\Sign_Language_Recognition\dataset_final\G\G_024.jpg,G
G_025,C:\Users\utilisateur\Documents\microsoft_IA\Projets\Sign_Language_Recognition\dataset_final\G\G_025.jpg,G
G_026,C:\Users\utilisateur\Documents\microsoft_IA\Projets\Sign_Language_Recognition\dataset_final\G\G_026.jpg,G
G_027,C:\Users\utilisateur\Documents\microsoft_IA\Projets\Sign_Language_Recognition\dataset_final\G\G_027.jpg,G
G_028,C:\Users\utilisateur\Documents\microsoft_IA\Projets\Sign_Language_Recognition\dataset_final\G\G_028.jpg,G
G_029,C:\Users\utilisateur\Documents\microsoft_IA\Projets\Sign_Language_Recognition\dataset_final\G\G_029.jpg,G
G_030,C:\Users\utilisateur\Documents\microsoft_IA\Projets\Sign_Language_Recognition\dataset_final\G\G_030.jpg,G
G_031,C:\Users\utilisateur\Documents\microsoft_IA\Projets\Sign_Language_Recognition\dataset_final\G\G_031.jpg,G
G_032,C:\Users\utilisateur\Documents\microsoft_IA\Projets\Sign_Language_Recognition\dataset_final\G\G_032.jpg,G
G_033,C:\Users\utilisateur\Documents\microsoft_IA\Projets\Sign_Language_Recognition\dataset_final\G\G_033.jpg,G
G_034,C:\Users\utilisateur\Documents\microsoft_IA\Projets\Sign_Language_Recognition\dataset_final\G\G_034.jpg,G
G_035,C:\Users\utilisateur\Documents\microsoft_IA\Projets\Sign_Language_Recognition\dataset_final\G\G_035.jpg,G
G_036,C:\Users\utilisateur\Documents\microsoft_IA\Projets\Sign_Language_Recognition\dataset_final\G\G_036.jpg,G
G_037,C:\Users\utilisateur\Documents\microsoft_IA\Projets\Sign_Language_Recognition\dataset_final\G\G_037.jpg,G
G_038,C:\Users\utilisateur\Documents\microsoft_IA\Projets\Sign_Language_Recognition\dataset_final\G\G_038.jpg,G
H_000,C:\Users\utilisateur\Documents\microsoft_IA\Projets\Sign_Language_Recognition\dataset_final\H\H_000.jpg,H
H_001,C:\Users\utilisateur\Documents\microsoft_IA\Projets\Sign_Language_Recognition\dataset_final\H\H_001.jpg,H
H_002,C:\Users\utilisateur\Documents\microsoft_IA\Projets\Sign_Language_Recognition\dataset_final\H\H_002.jpg,H
H_003,C:\Users\utilisateur\Documents\microsoft_IA\Projets\Sign_Language_Recognition\dataset_final\H\H_003.jpg,H
H_004,C:\Users\utilisateur\Documents\microsoft_IA\Projets\Sign_Language_Recognition\dataset_final\H\H_004.jpg,H
H_005,C:\Users\utilisateur\Documents\microsoft_IA\Projets\Sign_Language_Recognition\dataset_final\H\H_005.jpg,H
H_006,C:\Users\utilisateur\Documents\microsoft_IA\Projets\Sign_Language_Recognition\dataset_final\H\H_006.jpg,H
H_007,C:\Users\utilisateur\Documents\microsoft_IA\Projets\Sign_Language_Recognition\dataset_final\H\H_007.jpg,H
H_008,C:\Users\utilisateur\Documents\microsoft_IA\Projets\Sign_Language_Recognition\dataset_final\H\H_008.jpg,H
H_009,C:\Users\utilisateur\Documents\microsoft_IA\Projets\Sign_Language_Recognition\dataset_final\H\H_009.jpg,H
H_010,C:\Users\utilisateur\Documents\microsoft_IA\Projets\Sign_Language_Recognition\dataset_final\H\H_010.jpg,H
H_011,C:\Users\utilisateur\Documents\microsoft_IA\Projets\Sign_Language_Recognition\dataset_final\H\H_011.jpg,H
H_012,C:\Users\utilisateur\Documents\microsoft_IA\Projets\Sign_Language_Recognition\dataset_final\H\H_012.jpg,H
H_013,C:\Users\utilisateur\Documents\microsoft_IA\Projets\Sign_Language_Recognition\dataset_final\H\H_013.jpg,H
H_014,C:\Users\utilisateur\Documents\microsoft_IA\Projets\Sign_Language_Recognition\dataset_final\H\H_014.jpg,H
H_015,C:\Users\utilisateur\Documents\microsoft_IA\Projets\Sign_Language_Recognition\dataset_final\H\H_015.jpg,H
H_016,C:\Users\utilisateur\Documents\microsoft_IA\Projets\Sign_Language_Recognition\dataset_final\H\H_016.jpg,H
H_017,C:\Users\utilisateur\Documents\microsoft_IA\Projets\Sign_Language_Recognition\dataset_final\H\H_017.jpg,H
H_018,C:\Users\utilisateur\Documents\microsoft_IA\Projets\Sign_Language_Recognition\dataset_final\H\H_018.jpg,H
H_019,C:\Users\utilisateur\Documents\microsoft_IA\Projets\Sign_Language_Recognition\dataset_final\H\H_019.jpg,H
H_020,C:\Users\utilisateur\Documents\microsoft_IA\Projets\Sign_Language_Recognition\dataset_final\H\H_020.jpg,H
H_021,C:\Users\utilisateur\Documents\microsoft_IA\Projets\Sign_Language_Recognition\dataset_final\H\H_021.jpg,H
H_022,C:\Users\utilisateur\Documents\microsoft_IA\Projets\Sign_Language_Recognition\dataset_final\H\H_022.jpg,H
H_023,C:\Users\utilisateur\Documents\microsoft_IA\Projets\Sign_Language_Recognition\dataset_final\H\H_023.jpg,H
H_024,C:\Users\utilisateur\Documents\microsoft_IA\Projets\Sign_Language_Recognition\dataset_final\H\H_024.jpg,H
H_025,C:\Users\utilisateur\Documents\microsoft_IA\Projets\Sign_Language_Recognition\dataset_final\H\H_025.jpg,H
H_026,C:\Users\utilisateur\Documents\microsoft_IA\Projets\Sign_Language_Recognition\dataset_final\H\H_026.jpg,H
H_027,C:\Users\utilisateur\Documents\microsoft_IA\Projets\Sign_Language_Recognition\dataset_final\H\H_027.jpg,H
I_000,C:\Users\utilisateur\Documents\microsoft_IA\Projets\Sign_Language_Recognition\dataset_final\I\I_000.jpg,I
I_001,C:\Users\utilisateur\Documents\microsoft_IA\Projets\Sign_Language_Recognition\dataset_final\I\I_001.jpg,I
I_002,C:\Users\utilisateur\Documents\microsoft_IA\Projets\Sign_Language_Recognition\dataset_final\I\I_002.jpg,I
I_003,C:\Users\utilisateur\Documents\microsoft_IA\Projets\Sign_Language_Recognition\dataset_final\I\I_003.jpg,I
I_004,C:\Users\utilisateur\Documents\microsoft_IA\Projets\Sign_Language_Recognition\dataset_final\I\I_004.jpg,I
I_005,C:\Users\utilisateur\Documents\microsoft_IA\Projets\Sign_Language_Recognition\dataset_final\I\I_005.jpg,I
I_006,C:\Users\utilisateur\Documents\microsoft_IA\Projets\Sign_Language_Recognition\dataset_final\I\I_006.jpg,I
I_007,C:\Users\utilisateur\Documents\microsoft_IA\Projets\Sign_Language_Recognition\dataset_final\I\I_007.jpg,I
I_008,C:\Users\utilisateur\Documents\microsoft_IA\Projets\Sign_Language_Recognition\dataset_final\I\I_008.jpg,I
I_009,C:\Users\utilisateur\Documents\microsoft_IA\Projets\Sign_Language_Recognition\dataset_final\I\I_009.jpg,I
I_010,C:\Users\utilisateur\Documents\microsoft_IA\Projets\Sign_Language_Recognition\dataset_final\I\I_010.jpg,I
I_011,C:\Users\utilisateur\Documents\microsoft_IA\Projets\Sign_Language_Recognition\dataset_final\I\I_011.jpg,I
I_012,C:\Users\utilisateur\Documents\microsoft_IA\Projets\Sign_Language_Recognition\dataset_final\I\I_012.jpg,I
I_013,C:\Users\utilisateur\Documents\microsoft_IA\Projets\Sign_Language_Recognition\dataset_final\I\I_013.jpg,I
I_014,C:\Users\utilisateur\Documents\microsoft_IA\Projets\Sign_Language_Recognition\dataset_final\I\I_014.jpg,I
I_015,C:\Users\utilisateur\Documents\microsoft_IA\Projets\Sign_Language_Recognition\dataset_final\I\I_015.jpg,I
I_016,C:\Users\utilisateur\Documents\microsoft_IA\Projets\Sign_Language_Recognition\dataset_final\I\I_016.jpg,I
I_017,C:\Users\utilisateur\Documents\microsoft_IA\Projets\Sign_Language_Recognition\dataset_final\I\I_017.jpg,I
I_018,C:\Users\utilisateur\Documents\microsoft_IA\Projets\Sign_Language_Recognition\dataset_final\I\I_018.jpg,I
I_019,C:\Users\utilisateur\Documents\microsoft_IA\Projets\Sign_Language_Recognition\dataset_final\I\I_019.jpg,I
I_020,C:\Users\utilisateur\Documents\microsoft_IA\Projets\Sign_Language_Recognition\dataset_final\I\I_020.jpg,I
I_021,C:\Users\utilisateur\Documents\microsoft_IA\Projets\Sign_Language_Recognition\dataset_final\I\I_021.jpg,I
I_022,C:\Users\utilisateur\Documents\microsoft_IA\Projets\Sign_Language_Recognition\dataset_final\I\I_022.jpg,I
I_023,C:\Users\utilisateur\Documents\microsoft_IA\Projets\Sign_Language_Recognition\dataset_final\I\I_023.jpg,I
I_024,C:\Users\utilisateur\Documents\microsoft_IA\Projets\Sign_Language_Recognition\dataset_final\I\I_024.jpg,I
I_025,C:\Users\utilisateur\Documents\microsoft_IA\Projets\Sign_Language_Recognition\dataset_final\I\I_025.jpg,I
I_026,C:\Users\utilisateur\Documents\microsoft_IA\Projets\Sign_Language_Recognition\dataset_final\I\I_026.jpg,I
I_027,C:\Users\utilisateur\Documents\microsoft_IA\Projets\Sign_Language_Recognition\dataset_final\I\I_027.jpg,I
I_028,C:\Users\utilisateur\Documents\microsoft_IA\Projets\Sign_Language_Recognition\dataset_final\I\I_028.jpg,I
J_000,C:\Users\utilisateur\Documents\microsoft_IA\Projets\Sign_Language_Recognition\dataset_final\J\J_000.jpg,J
J_001,C:\Users\utilisateur\Documents\microsoft_IA\Projets\Sign_Language_Recognition\dataset_final\J\J_001.jpg,J
J_002,C:\Users\utilisateur\Documents\microsoft_IA\Projets\Sign_Language_Recognition\dataset_final\J\J_002.jpg,J
J_003,C:\Users\utilisateur\Documents\microsoft_IA\Projets\Sign_Language_Recognition\dataset_final\J\J_003.jpg,J
J_004,C:\Users\utilisateur\Documents\microsoft_IA\Projets\Sign_Language_Recognition\dataset_final\J\J_004.jpg,J
J_005,C:\Users\utilisateur\Documents\microsoft_IA\Projets\Sign_Language_Recognition\dataset_final\J\J_005.jpg,J
J_006,C:\Users\utilisateur\Documents\microsoft_IA\Projets\Sign_Language_Recognition\dataset_final\J\J_006.jpg,J
J_007,C:\Users\utilisateur\Documents\microsoft_IA\Projets\Sign_Language_Recognition\dataset_final\J\J_007.jpg,J
J_008,C:\Users\utilisateur\Documents\microsoft_IA\Projets\Sign_Language_Recognition\dataset_final\J\J_008.jpg,J
J_009,C:\Users\utilisateur\Documents\microsoft_IA\Projets\Sign_Language_Recognition\dataset_final\J\J_009.jpg,J
J_010,C:\Users\utilisateur\Documents\microsoft_IA\Projets\Sign_Language_Recognition\dataset_final\J\J_010.jpg,J
J_011,C:\Users\utilisateur\Documents\microsoft_IA\Projets\Sign_Language_Recognition\dataset_final\J\J_011.jpg,J
J_012,C:\Users\utilisateur\Documents\microsoft_IA\Projets\Sign_Language_Recognition\dataset_final\J\J_012.jpg,J
J_013,C:\Users\utilisateur\Documents\microsoft_IA\Projets\Sign_Language_Recognition\dataset_final\J\J_013.jpg,J
J_014,C:\Users\utilisateur\Documents\microsoft_IA\Projets\Sign_Language_Recognition\dataset_final\J\J_014.jpg,J
J_015,C:\Users\utilisateur\Documents\microsoft_IA\Projets\Sign_Language_Recognition\dataset_final\J\J_015.jpg,J
J_016,C:\Users\utilisateur\Documents\microsoft_IA\Projets\Sign_Language_Recognition\dataset_final\J\J_016.jpg,J
J_017,C:\Users\utilisateur\Documents\microsoft_IA\Projets\Sign_Language_Recognition\dataset_final\J\J_017.jpg,J
J_018,C:\Users\utilisateur\Documents\microsoft_IA\Projets\Sign_Language_Recognition\dataset_final\J\J_018.jpg,J
J_019,C:\Users\utilisateur\Documents\microsoft_IA\Projets\Sign_Language_Recognition\dataset_final\J\J_019.jpg,J
J_020,C:\Users\utilisateur\Documents\microsoft_IA\Projets\Sign_Language_Recognition\dataset_final\J\J_020.jpg,J
J_021,C:\Users\utilisateur\Documents\microsoft_IA\Projets\Sign_Language_Recognition\dataset_final\J\J_021.jpg,J
J_022,C:\Users\utilisateur\Documents\microsoft_IA\Projets\Sign_Language_Recognition\dataset_final\J\J_022.jpg,J
J_023,C:\Users\utilisateur\Documents\microsoft_IA\Projets\Sign_Language_Recognition\dataset_final\J\J_023.jpg,J
J_024,C:\Users\utilisateur\Documents\microsoft_IA\Projets\Sign_Language_Recognition\dataset_final\J\J_024.jpg,J
J_025,C:\Users\utilisateur\Documents\microsoft_IA\Projets\Sign_Language_Recognition\dataset_final\J\J_025.jpg,J
K_000,C:\Users\utilisateur\Documents\microsoft_IA\Projets\Sign_Language_Recognition\dataset_final\K\K_000.jpg,K
K_001,C:\Users\utilisateur\Documents\microsoft_IA\Projets\Sign_Language_Recognition\dataset_final\K\K_001.jpg,K
K_002,C:\Users\utilisateur\Documents\microsoft_IA\Projets\Sign_Language_Recognition\dataset_final\K\K_002.jpg,K
K_003,C:\Users\utilisateur\Documents\microsoft_IA\Projets\Sign_Language_Recognition\dataset_final\K\K_003.jpg,K
K_004,C:\Users\utilisateur\Documents\microsoft_IA\Projets\Sign_Language_Recognition\dataset_final\K\K_004.jpg,K
K_005,C:\Users\utilisateur\Documents\microsoft_IA\Projets\Sign_Language_Recognition\dataset_final\K\K_005.jpg,K
K_006,C:\Users\utilisateur\Documents\microsoft_IA\Projets\Sign_Language_Recognition\dataset_final\K\K_006.jpg,K
K_007,C:\Users\utilisateur\Documents\microsoft_IA\Projets\Sign_Language_Recognition\dataset_final\K\K_007.jpg,K
K_008,C:\Users\utilisateur\Documents\microsoft_IA\Projets\Sign_Language_Recognition\dataset_final\K\K_008.jpg,K
K_009,C:\Users\utilisateur\Documents\microsoft_IA\Projets\Sign_Language_Recognition\dataset_final\K\K_009.jpg,K
K_010,C:\Users\utilisateur\Documents\microsoft_IA\Projets\Sign_Language_Recognition\dataset_final\K\K_010.jpg,K
K_011,C:\Users\utilisateur\Documents\microsoft_IA\Projets\Sign_Language_Recognition\dataset_final\K\K_011.jpg,K
K_012,C:\Users\utilisateur\Documents\microsoft_IA\Projets\Sign_Language_Recognition\dataset_final\K\K_012.jpg,K
K_013,C:\Users\utilisateur\Documents\microsoft_IA\Projets\Sign_Language_Recognition\dataset_final\K\K_013.jpg,K
K_014,C:\Users\utilisateur\Documents\microsoft_IA\Projets\Sign_Language_Recognition\dataset_final\K\K_014.jpg,K
K_015,C:\Users\utilisateur\Documents\microsoft_IA\Projets\Sign_Language_Recognition\dataset_final\K\K_015.jpg,K
K_016,C:\Users\utilisateur\Documents\microsoft_IA\Projets\Sign_Language_Recognition\dataset_final\K\K_016.jpg,K
K_017,C:\Users\utilisateur\Documents\microsoft_IA\Projets\Sign_Language_Recognition\dataset_final\K\K_017.jpg,K
K_018,C:\Users\utilisateur\Documents\microsoft_IA\Projets\Sign_Language_Recognition\dataset_final\K\K_018.jpg,K
K_019,C:\Users\utilisateur\Documents\microsoft_IA\Projets\Sign_Language_Recognition\dataset_final\K\K_019.jpg,K
K_020,C:\Users\utilisateur\Documents\microsoft_IA\Projets\Sign_Language_Recognition\dataset_final\K\K_020.jpg,K
L_000,C:\Users\utilisateur\Documents\microsoft_IA\Projets\Sign_Language_Recognition\dataset_final\L\L_000.jpg,L
L_001,C:\Users\utilisateur\Documents\microsoft_IA\Projets\Sign_Language_Recognition\dataset_final\L\L_001.jpg,L
L_002,C:\Users\utilisateur\Documents\microsoft_IA\Projets\Sign_Language_Recognition\dataset_final\L\L_002.jpg,L
L_003,C:\Users\utilisateur\Documents\microsoft_IA\Projets\Sign_Language_Recognition\dataset_final\L\L_003.jpg,L
L_004,C:\Users\utilisateur\Documents\microsoft_IA\Projets\Sign_Language_Recognition\dataset_final\L\L_004.jpg,L
L_005,C:\Users\utilisateur\Documents\microsoft_IA\Projets\Sign_Language_Recognition\dataset_final\L\L_005.jpg,L
L_006,C:\Users\utilisateur\Documents\microsoft_IA\Projets\Sign_Language_Recognition\dataset_final\L\L_006.jpg,L
L_007,C:\Users\utilisateur\Documents\microsoft_IA\Projets\Sign_Language_Recognition\dataset_final\L\L_007.jpg,L
L_008,C:\Users\utilisateur\Documents\microsoft_IA\Projets\Sign_Language_Recognition\dataset_final\L\L_008.jpg,L
L_009,C:\Users\utilisateur\Documents\microsoft_IA\Projets\Sign_Language_Recognition\dataset_final\L\L_009.jpg,L
L_010,C:\Users\utilisateur\Documents\microsoft_IA\Projets\Sign_Language_Recognition\dataset_final\L\L_010.jpg,L
L_011,C:\Users\utilisateur\Documents\microsoft_IA\Projets\Sign_Language_Recognition\dataset_final\L\L_011.jpg,L
L_012,C:\Users\utilisateur\Documents\microsoft_IA\Projets\Sign_Language_Recognition\dataset_final\L\L_012.jpg,L
L_013,C:\Users\utilisateur\Documents\microsoft_IA\Projets\Sign_Language_Recognition\dataset_final\L\L_013.jpg,L
L_014,C:\Users\utilisateur\Documents\microsoft_IA\Projets\Sign_Language_Recognition\dataset_final\L\L_014.jpg,L
L_015,C:\Users\utilisateur\Documents\microsoft_IA\Projets\Sign_Language_Recognition\dataset_final\L\L_015.jpg,L
L_016,C:\Users\utilisateur\Documents\microsoft_IA\Projets\Sign_Language_Recognition\dataset_final\L\L_016.jpg,L
L_017,C:\Users\utilisateur\Documents\microsoft_IA\Projets\Sign_Language_Recognition\dataset_final\L\L_017.jpg,L
L_018,C:\Users\utilisateur\Documents\microsoft_IA\Projets\Sign_Language_Recognition\dataset_final\L\L_018.jpg,L
L_019,C:\Users\utilisateur\Documents\microsoft_IA\Projets\Sign_Language_Recognition\dataset_final\L\L_019.jpg,L
L_020,C:\Users\utilisateur\Documents\microsoft_IA\Projets\Sign_Language_Recognition\dataset_final\L\L_020.jpg,L
L_021,C:\Users\utilisateur\Documents\microsoft_IA\Projets\Sign_Language_Recognition\dataset_final\L\L_021.jpg,L
L_022,C:\Users\utilisateur\Documents\microsoft_IA\Projets\Sign_Language_Recognition\dataset_final\L\L_022.jpg,L
L_023,C:\Users\utilisateur\Documents\microsoft_IA\Projets\Sign_Language_Recognition\dataset_final\L\L_023.jpg,L
L_024,C:\Users\utilisateur\Documents\microsoft_IA\Projets\Sign_Language_Recognition\dataset_final\L\L_024.jpg,L
L_025,C:\Users\utilisateur\Documents\microsoft_IA\Projets\Sign_Language_Recognition\dataset_final\L\L_025.jpg,L
L_026,C:\Users\utilisateur\Documents\microsoft_IA\Projets\Sign_Language_Recognition\dataset_final\L\L_026.jpg,L
L_027,C:\Users\utilisateur\Documents\microsoft_IA\Projets\Sign_Language_Recognition\dataset_final\L\L_027.jpg,L
M_000,C:\Users\utilisateur\Documents\microsoft_IA\Projets\Sign_Language_Recognition\dataset_final\M\M_000.jpg,M
M_001,C:\Users\utilisateur\Documents\microsoft_IA\Projets\Sign_Language_Recognition\dataset_final\M\M_001.jpg,M
M_002,C:\Users\utilisateur\Documents\microsoft_IA\Projets\Sign_Language_Recognition\dataset_final\M\M_002.jpg,M
M_003,C:\Users\utilisateur\Documents\microsoft_IA\Projets\Sign_Language_Recognition\dataset_final\M\M_003.jpg,M
M_004,C:\Users\utilisateur\Documents\microsoft_IA\Projets\Sign_Language_Recognition\dataset_final\M\M_004.jpg,M
M_005,C:\Users\utilisateur\Documents\microsoft_IA\Projets\Sign_Language_Recognition\dataset_final\M\M_005.jpg,M
M_006,C:\Users\utilisateur\Documents\microsoft_IA\Projets\Sign_Language_Recognition\dataset_final\M\M_006.jpg,M
M_007,C:\Users\utilisateur\Documents\microsoft_IA\Projets\Sign_Language_Recognition\dataset_final\M\M_007.jpg,M
M_008,C:\Users\utilisateur\Documents\microsoft_IA\Projets\Sign_Language_Recognition\dataset_final\M\M_008.jpg,M
M_009,C:\Users\utilisateur\Documents\microsoft_IA\Projets\Sign_Language_Recognition\dataset_final\M\M_009.jpg,M
M_010,C:\Users\utilisateur\Documents\microsoft_IA\Projets\Sign_Language_Recognition\dataset_final\M\M_010.jpg,M
M_011,C:\Users\utilisateur\Documents\microsoft_IA\Projets\Sign_Language_Recognition\dataset_final\M\M_011.jpg,M
M_012,C:\Users\utilisateur\Documents\microsoft_IA\Projets\Sign_Language_Recognition\dataset_final\M\M_012.jpg,M
M_013,C:\Users\utilisateur\Documents\microsoft_IA\Projets\Sign_Language_Recognition\dataset_final\M\M_013.jpg,M
M_014,C:\Users\utilisateur\Documents\microsoft_IA\Projets\Sign_Language_Recognition\dataset_final\M\M_014.jpg,M
M_015,C:\Users\utilisateur\Documents\microsoft_IA\Projets\Sign_Language_Recognition\dataset_final\M\M_015.jpg,M
M_016,C:\Users\utilisateur\Documents\microsoft_IA\Projets\Sign_Language_Recognition\dataset_final\M\M_016.jpg,M
M_017,C:\Users\utilisateur\Documents\microsoft_IA\Projets\Sign_Language_Recognition\dataset_final\M\M_017.jpg,M
M_018,C:\Users\utilisateur\Documents\microsoft_IA\Projets\Sign_Language_Recognition\dataset_final\M\M_018.jpg,M
M_019,C:\Users\utilisateur\Documents\microsoft_IA\Projets\Sign_Language_Recognition\dataset_final\M\M_019.jpg,M
M_020,C:\Users\utilisateur\Documents\microsoft_IA\Projets\Sign_Language_Recognition\dataset_final\M\M_020.jpg,M
M_021,C:\Users\utilisateur\Documents\microsoft_IA\Projets\Sign_Language_Recognition\dataset_final\M\M_021.jpg,M
M_022,C:\Users\utilisateur\Documents\microsoft_IA\Projets\Sign_Language_Recognition\dataset_final\M\M_022.jpg,M
M_023,C:\Users\utilisateur\Documents\microsoft_IA\Projets\Sign_Language_Recognition\dataset_final\M\M_023.jpg,M
M_024,C:\Users\utilisateur\Documents\microsoft_IA\Projets\Sign_Language_Recognition\dataset_final\M\M_024.jpg,M
M_025,C:\Users\utilisateur\Documents\microsoft_IA\Projets\Sign_Language_Recognition\dataset_final\M\M_025.jpg,M
M_026,C:\Users\utilisateur\Documents\microsoft_IA\Projets\Sign_Language_Recognition\dataset_final\M\M_026.jpg,M
M_027,C:\Users\utilisateur\Documents\microsoft_IA\Projets\Sign_Language_Recognition\dataset_final\M\M_027.jpg,M
M_028,C:\Users\utilisateur\Documents\microsoft_IA\Projets\Sign_Language_Recognition\dataset_final\M\M_028.jpg,M
M_029,C:\Users\utilisateur\Documents\microsoft_IA\Projets\Sign_Language_Recognition\dataset_final\M\M_029.jpg,M
M_030,C:\Users\utilisateur\Documents\microsoft_IA\Projets\Sign_Language_Recognition\dataset_final\M\M_030.jpg,M
M_031,C:\Users\utilisateur\Documents\microsoft_IA\Projets\Sign_Language_Recognition\dataset_final\M\M_031.jpg,M
M_032,C:\Users\utilisateur\Documents\microsoft_IA\Projets\Sign_Language_Recognition\dataset_final\M\M_032.jpg,M
M_033,C:\Users\utilisateur\Documents\microsoft_IA\Projets\Sign_Language_Recognition\dataset_final\M\M_033.jpg,M
M_034,C:\Users\utilisateur\Documents\microsoft_IA\Projets\Sign_Language_Recognition\dataset_final\M\M_034.jpg,M
M_035,C:\Users\utilisateur\Documents\microsoft_IA\Projets\Sign_Language_Recognition\dataset_final\M\M_035.jpg,M
M_036,C:\Users\utilisateur\Documents\microsoft_IA\Projets\Sign_Language_Recognition\dataset_final\M\M_036.jpg,M
M_037,C:\Users\utilisateur\Documents\microsoft_IA\Projets\Sign_Language_Recognition\dataset_final\M\M_037.jpg,M
N_000,C:\Users\utilisateur\Documents\microsoft_IA\Projets\Sign_Language_Recognition\dataset_final\N\N_000.jpg,N
N_001,C:\Users\utilisateur\Documents\microsoft_IA\Projets\Sign_Language_Recognition\dataset_final\N\N_001.jpg,N
N_002,C:\Users\utilisateur\Documents\microsoft_IA\Projets\Sign_Language_Recognition\dataset_final\N\N_002.jpg,N
N_003,C:\Users\utilisateur\Documents\microsoft_IA\Projets\Sign_Language_Recognition\dataset_final\N\N_003.jpg,N
N_004,C:\Users\utilisateur\Documents\microsoft_IA\Projets\Sign_Language_Recognition\dataset_final\N\N_004.jpg,N
N_005,C:\Users\utilisateur\Documents\microsoft_IA\Projets\Sign_Language_Recognition\dataset_final\N\N_005.jpg,N
N_006,C:\Users\utilisateur\Documents\microsoft_IA\Projets\Sign_Language_Recognition\dataset_final\N\N_006.jpg,N
N_007,C:\Users\utilisateur\Documents\microsoft_IA\Projets\Sign_Language_Recognition\dataset_final\N\N_007.jpg,N
N_008,C:\Users\utilisateur\Documents\microsoft_IA\Projets\Sign_Language_Recognition\dataset_final\N\N_008.jpg,N
N_009,C:\Users\utilisateur\Documents\microsoft_IA\Projets\Sign_Language_Recognition\dataset_final\N\N_009.jpg,N
N_010,C:\Users\utilisateur\Documents\microsoft_IA\Projets\Sign_Language_Recognition\dataset_final\N\N_010.jpg,N
N_011,C:\Users\utilisateur\Documents\microsoft_IA\Projets\Sign_Language_Recognition\dataset_final\N\N_011.jpg,N
N_012,C:\Users\utilisateur\Documents\microsoft_IA\Projets\Sign_Language_Recognition\dataset_final\N\N_012.jpg,N
N_013,C:\Users\utilisateur\Documents\microsoft_IA\Projets\Sign_Language_Recognition\dataset_final\N\N_013.jpg,N
N_014,C:\Users\utilisateur\Documents\microsoft_IA\Projets\Sign_Language_Recognition\dataset_final\N\N_014.jpg,N
N_015,C:\Users\utilisateur\Documents\microsoft_IA\Projets\Sign_Language_Recognition\dataset_final\N\N_015.jpg,N
N_016,C:\Users\utilisateur\Documents\microsoft_IA\Projets\Sign_Language_Recognition\dataset_final\N\N_016.jpg,N
N_017,C:\Users\utilisateur\Documents\microsoft_IA\Projets\Sign_Language_Recognition\dataset_final\N\N_017.jpg,N
N_018,C:\Users\utilisateur\Documents\microsoft_IA\Projets\Sign_Language_Recognition\dataset_final\N\N_018.jpg,N
N_019,C:\Users\utilisateur\Documents\microsoft_IA\Projets\Sign_Language_Recognition\dataset_final\N\N_019.jpg,N
N_020,C:\Users\utilisateur\Documents\microsoft_IA\Projets\Sign_Language_Recognition\dataset_final\N\N_020.jpg,N
N_021,C:\Users\utilisateur\Documents\microsoft_IA\Projets\Sign_Language_Recognition\dataset_final\N\N_021.jpg,N
N_022,C:\Users\utilisateur\Documents\microsoft_IA\Projets\Sign_Language_Recognition\dataset_final\N\N_022.jpg,N
N_023,C:\Users\utilisateur\Documents\microsoft_IA\Projets\Sign_Language_Recognition\dataset_final\N\N_023.jpg,N
N_024,C:\Users\utilisateur\Documents\microsoft_IA\Projets\Sign_Language_Recognition\dataset_final\N\N_024.jpg,N
N_025,C:\Users\utilisateur\Documents\microsoft_IA\Projets\Sign_Language_Recognition\dataset_final\N\N_025.jpg,N
N_026,C:\Users\utilisateur\Documents\microsoft_IA\Projets\Sign_Language_Recognition\dataset_final\N\N_026.jpg,N
N_027,C:\Users\utilisateur\Documents\microsoft_IA\Projets\Sign_Language_Recognition\dataset_final\N\N_027.jpg,N
N_028,C:\Users\utilisateur\Documents\microsoft_IA\Projets\Sign_Language_Recognition\dataset_final\N\N_028.jpg,N
N_029,C:\Users\utilisateur\Documents\microsoft_IA\Projets\Sign_Language_Recognition\dataset_final\N\N_029.jpg,N
N_030,C:\Users\utilisateur\Documents\microsoft_IA\Projets\Sign_Language_Recognition\dataset_final\N\N_030.jpg,N
N_031,C:\Users\utilisateur\Documents\microsoft_IA\Projets\Sign_Language_Recognition\dataset_final\N\N_031.jpg,N
O_000,C:\Users\utilisateur\Documents\microsoft_IA\Projets\Sign_Language_Recognition\dataset_final\O\O_000.jpg,O
O_001,C:\Users\utilisateur\Documents\microsoft_IA\Projets\Sign_Language_Recognition\dataset_final\O\O_001.jpg,O
O_002,C:\Users\utilisateur\Documents\microsoft_IA\Projets\Sign_Language_Recognition\dataset_final\O\O_002.jpg,O
O_003,C:\Users\utilisateur\Documents\microsoft_IA\Projets\Sign_Language_Recognition\dataset_final\O\O_003.jpg,O
O_004,C:\Users\utilisateur\Documents\microsoft_IA\Projets\Sign_Language_Recognition\dataset_final\O\O_004.jpg,O
O_005,C:\Users\utilisateur\Documents\microsoft_IA\Projets\Sign_Language_Recognition\dataset_final\O\O_005.jpg,O
O_006,C:\Users\utilisateur\Documents\microsoft_IA\Projets\Sign_Language_Recognition\dataset_final\O\O_006.jpg,O
O_007,C:\Users\utilisateur\Documents\microsoft_IA\Projets\Sign_Language_Recognition\dataset_final\O\O_007.jpg,O
O_008,C:\Users\utilisateur\Documents\microsoft_IA\Projets\Sign_Language_Recognition\dataset_final\O\O_008.jpg,O
O_009,C:\Users\utilisateur\Documents\microsoft_IA\Projets\Sign_Language_Recognition\dataset_final\O\O_009.jpg,O
O_010,C:\Users\utilisateur\Documents\microsoft_IA\Projets\Sign_Language_Recognition\dataset_final\O\O_010.jpg,O
O_011,C:\Users\utilisateur\Documents\microsoft_IA\Projets\Sign_Language_Recognition\dataset_final\O\O_011.jpg,O
O_012,C:\Users\utilisateur\Documents\microsoft_IA\Projets\Sign_Language_Recognition\dataset_final\O\O_012.jpg,O
O_013,C:\Users\utilisateur\Documents\microsoft_IA\Projets\Sign_Language_Recognition\dataset_final\O\O_013.jpg,O
O_014,C:\Users\utilisateur\Documents\microsoft_IA\Projets\Sign_Language_Recognition\dataset_final\O\O_014.jpg,O
O_015,C:\Users\utilisateur\Documents\microsoft_IA\Projets\Sign_Language_Recognition\dataset_final\O\O_015.jpg,O
O_016,C:\Users\utilisateur\Documents\microsoft_IA\Projets\Sign_Language_Recognition\dataset_final\O\O_016.jpg,O
O_017,C:\Users\utilisateur\Documents\microsoft_IA\Projets\Sign_Language_Recognition\dataset_final\O\O_017.jpg,O
O_018,C:\Users\utilisateur\Documents\microsoft_IA\Projets\Sign_Language_Recognition\dataset_final\O\O_018.jpg,O
O_019,C:\Users\utilisateur\Documents\microsoft_IA\Projets\Sign_Language_Recognition\dataset_final\O\O_019.jpg,O
O_020,C:\Users\utilisateur\Documents\microsoft_IA\Projets\Sign_Language_Recognition\dataset_final\O\O_020.jpg,O
O_021,C:\Users\utilisateur\Documents\microsoft_IA\Projets\Sign_Language_Recognition\dataset_final\O\O_021.jpg,O
O_022,C:\Users\utilisateur\Documents\microsoft_IA\Projets\Sign_Language_Recognition\dataset_final\O\O_022.jpg,O
O_023,C:\Users\utilisateur\Documents\microsoft_IA\Projets\Sign_Language_Recognition\dataset_final\O\O_023.jpg,O
O_024,C:\Users\utilisateur\Documents\microsoft_IA\Projets\Sign_Language_Recognition\dataset_final\O\O_024.jpg,O
O_025,C:\Users\utilisateur\Documents\microsoft_IA\Projets\Sign_Language_Recognition\dataset_final\O\O_025.jpg,O
O_026,C:\Users\utilisateur\Documents\microsoft_IA\Projets\Sign_Language_Recognition\dataset_final\O\O_026.jpg,O
O_027,C:\Users\utilisateur\Documents\microsoft_IA\Projets\Sign_Language_Recognition\dataset_final\O\O_027.jpg,O
O_028,C:\Users\utilisateur\Documents\microsoft_IA\Projets\Sign_Language_Recognition\dataset_final\O\O_028.jpg,O
O_029,C:\Users\utilisateur\Documents\microsoft_IA\Projets\Sign_Language_Recognition\dataset_final\O\O_029.jpg,O
O_030,C:\Users\utilisateur\Documents\microsoft_IA\Projets\Sign_Language_Recognition\dataset_final\O\O_030.jpg,O
P_000,C:\Users\utilisateur\Documents\microsoft_IA\Projets\Sign_Language_Recognition\dataset_final\P\P_000.jpg,P
P_001,C:\Users\utilisateur\Documents\microsoft_IA\Projets\Sign_Language_Recognition\dataset_final\P\P_001.jpg,P
P_002,C:\Users\utilisateur\Documents\microsoft_IA\Projets\Sign_Language_Recognition\dataset_final\P\P_002.jpg,P
P_003,C:\Users\utilisateur\Documents\microsoft_IA\Projets\Sign_Language_Recognition\dataset_final\P\P_003.jpg,P
P_004,C:\Users\utilisateur\Documents\microsoft_IA\Projets\Sign_Language_Recognition\dataset_final\P\P_004.jpg,P
P_005,C:\Users\utilisateur\Documents\microsoft_IA\Projets\Sign_Language_Recognition\dataset_final\P\P_005.jpg,P
P_006,C:\Users\utilisateur\Documents\microsoft_IA\Projets\Sign_Language_Recognition\dataset_final\P\P_006.jpg,P
P_007,C:\Users\utilisateur\Documents\microsoft_IA\Projets\Sign_Language_Recognition\dataset_final\P\P_007.jpg,P
P_008,C:\Users\utilisateur\Documents\microsoft_IA\Projets\Sign_Language_Recognition\dataset_final\P\P_008.jpg,P
P_009,C:\Users\utilisateur\Documents\microsoft_IA\Projets\Sign_Language_Recognition\dataset_final\P\P_009.jpg,P
Q_000,C:\Users\utilisateur\Documents\microsoft_IA\Projets\Sign_Language_Recognition\dataset_final\Q\Q_000.jpg,Q
Q_001,C:\Users\utilisateur\Documents\microsoft_IA\Projets\Sign_Language_Recognition\dataset_final\Q\Q_001.jpg,Q
Q_002,C:\Users\utilisateur\Documents\microsoft_IA\Projets\Sign_Language_Recognition\dataset_final\Q\Q_002.jpg,Q
Q_003,C:\Users\utilisateur\Documents\microsoft_IA\Projets\Sign_Language_Recognition\dataset_final\Q\Q_003.jpg,Q
Q_004,C:\Users\utilisateur\Documents\microsoft_IA\Projets\Sign_Language_Recognition\dataset_final\Q\Q_004.jpg,Q
Q_005,C:\Users\utilisateur\Documents\microsoft_IA\Projets\Sign_Language_Recognition\dataset_final\Q\Q_005.jpg,Q
Q_006,C:\Users\utilisateur\Documents\microsoft_IA\Projets\Sign_Language_Recognition\dataset_final\Q\Q_006.jpg,Q
Q_007,C:\Users\utilisateur\Documents\microsoft_IA\Projets\Sign_Language_Recognition\dataset_final\Q\Q_007.jpg,Q
Q_008,C:\Users\utilisateur\Documents\microsoft_IA\Projets\Sign_Language_Recognition\dataset_final\Q\Q_008.jpg,Q
Q_009,C:\Users\utilisateur\Documents\microsoft_IA\Projets\Sign_Language_Recognition\dataset_final\Q\Q_009.jpg,Q
Q_010,C:\Users\utilisateur\Documents\microsoft_IA\Projets\Sign_Language_Recognition\dataset_final\Q\Q_010.jpg,Q
Q_011,C:\Users\utilisateur\Documents\microsoft_IA\Projets\Sign_Language_Recognition\dataset_final\Q\Q_011.jpg,Q
Q_012,C:\Users\utilisateur\Documents\microsoft_IA\Projets\Sign_Language_Recognition\dataset_final\Q\Q_012.jpg,Q
Q_013,C:\Users\utilisateur\Documents\microsoft_IA\Projets\Sign_Language_Recognition\dataset_final\Q\Q_013.jpg,Q
Q_014,C:\Users\utilisateur\Documents\microsoft_IA\Projets\Sign_Language_Recognition\dataset_final\Q\Q_014.jpg,Q
Q_015,C:\Users\utilisateur\Documents\microsoft_IA\Projets\Sign_Language_Recognition\dataset_final\Q\Q_015.jpg,Q
Q_016,C:\Users\utilisateur\Documents\microsoft_IA\Projets\Sign_Language_Recognition\dataset_final\Q\Q_016.jpg,Q
Q_017,C:\Users\utilisateur\Documents\microsoft_IA\Projets\Sign_Language_Recognition\dataset_final\Q\Q_017.jpg,Q
Q_018,C:\Users\utilisateur\Documents\microsoft_IA\Projets\Sign_Language_Recognition\dataset_final\Q\Q_018.jpg,Q
Q_019,C:\Users\utilisateur\Documents\microsoft_IA\Projets\Sign_Language_Recognition\dataset_final\Q\Q_019.jpg,Q
Q_020,C:\Users\utilisateur\Documents\microsoft_IA\Projets\Sign_Language_Recognition\dataset_final\Q\Q_020.jpg,Q
Q_021,C:\Users\utilisateur\Documents\microsoft_IA\Projets\Sign_Language_Recognition\dataset_final\Q\Q_021.jpg,Q
Q_022,C:\Users\utilisateur\Documents\microsoft_IA\Projets\Sign_Language_Recognition\dataset_final\Q\Q_022.jpg,Q
Q_023,C:\Users\utilisateur\Documents\microsoft_IA\Projets\Sign_Language_Recognition\dataset_final\Q\Q_023.jpg,Q
Q_024,C:\Users\utilisateur\Documents\microsoft_IA\Projets\Sign_Language_Recognition\dataset_final\Q\Q_024.jpg,Q
Q_025,C:\Users\utilisateur\Documents\microsoft_IA\Projets\Sign_Language_Recognition\dataset_final\Q\Q_025.jpg,Q
Q_026,C:\Users\utilisateur\Documents\microsoft_IA\Projets\Sign_Language_Recognition\dataset_final\Q\Q_026.jpg,Q
Q_027,C:\Users\utilisateur\Documents\microsoft_IA\Projets\Sign_Language_Recognition\dataset_final\Q\Q_027.jpg,Q
Q_028,C:\Users\utilisateur\Documents\microsoft_IA\Projets\Sign_Language_Recognition\dataset_final\Q\Q_028.jpg,Q
Q_029,C:\Users\utilisateur\Documents\microsoft_IA\Projets\Sign_Language_Recognition\dataset_final\Q\Q_029.jpg,Q
Q_030,C:\Users\utilisateur\Documents\microsoft_IA\Projets\Sign_Language_Recognition\dataset_final\Q\Q_030.jpg,Q
R_000,C:\Users\utilisateur\Documents\microsoft_IA\Projets\Sign_Language_Recognition\dataset_final\R\R_000.jpg,R
R_001,C:\Users\utilisateur\Documents\microsoft_IA\Projets\Sign_Language_Recognition\dataset_final\R\R_001.jpg,R
R_002,C:\Users\utilisateur\Documents\microsoft_IA\Projets\Sign_Language_Recognition\dataset_final\R\R_002.jpg,R
R_003,C:\Users\utilisateur\Documents\microsoft_IA\Projets\Sign_Language_Recognition\dataset_final\R\R_003.jpg,R
R_004,C:\Users\utilisateur\Documents\microsoft_IA\Projets\Sign_Language_Recognition\dataset_final\R\R_004.jpg,R
R_005,C:\Users\utilisateur\Documents\microsoft_IA\Projets\Sign_Language_Recognition\dataset_final\R\R_005.jpg,R
R_006,C:\Users\utilisateur\Documents\microsoft_IA\Projets\Sign_Language_Recognition\dataset_final\R\R_006.jpg,R
R_007,C:\Users\utilisateur\Documents\microsoft_IA\Projets\Sign_Language_Recognition\dataset_final\R\R_007.jpg,R
R_008,C:\Users\utilisateur\Documents\microsoft_IA\Projets\Sign_Language_Recognition\dataset_final\R\R_008.jpg,R
R_009,C:\Users\utilisateur\Documents\microsoft_IA\Projets\Sign_Language_Recognition\dataset_final\R\R_009.jpg,R
R_010,C:\Users\utilisateur\Documents\microsoft_IA\Projets\Sign_Language_Recognition\dataset_final\R\R_010.jpg,R
R_011,C:\Users\utilisateur\Documents\microsoft_IA\Projets\Sign_Language_Recognition\dataset_final\R\R_011.jpg,R
R_012,C:\Users\utilisateur\Documents\microsoft_IA\Projets\Sign_Language_Recognition\dataset_final\R\R_012.jpg,R
R_013,C:\Users\utilisateur\Documents\microsoft_IA\Projets\Sign_Language_Recognition\dataset_final\R\R_013.jpg,R
R_014,C:\Users\utilisateur\Documents\microsoft_IA\Projets\Sign_Language_Recognition\dataset_final\R\R_014.jpg,R
R_015,C:\Users\utilisateur\Documents\microsoft_IA\Projets\Sign_Language_Recognition\dataset_final\R\R_015.jpg,R
R_016,C:\Users\utilisateur\Documents\microsoft_IA\Projets\Sign_Language_Recognition\dataset_final\R\R_016.jpg,R
R_017,C:\Users\utilisateur\Documents\microsoft_IA\Projets\Sign_Language_Recognition\dataset_final\R\R_017.jpg,R
R_018,C:\Users\utilisateur\Documents\microsoft_IA\Projets\Sign_Language_Recognition\dataset_final\R\R_018.jpg,R
R_019,C:\Users\utilisateur\Documents\microsoft_IA\Projets\Sign_Language_Recognition\dataset_final\R\R_019.jpg,R
R_020,C:\Users\utilisateur\Documents\microsoft_IA\Projets\Sign_Language_Recognition\dataset_final\R\R_020.jpg,R
R_021,C:\Users\utilisateur\Documents\microsoft_IA\Projets\Sign_Language_Recognition\dataset_final\R\R_021.jpg,R
R_022,C:\Users\utilisateur\Documents\microsoft_IA\Projets\Sign_Language_Recognition\dataset_final\R\R_022.jpg,R
R_023,C:\Users\utilisateur\Documents\microsoft_IA\Projets\Sign_Language_Recognition\dataset_final\R\R_023.jpg,R
R_024,C:\Users\utilisateur\Documents\microsoft_IA\Projets\Sign_Language_Recognition\dataset_final\R\R_024.jpg,R
R_025,C:\Users\utilisateur\Documents\microsoft_IA\Projets\Sign_Language_Recognition\dataset_final\R\R_025.jpg,R
R_026,C:\Users\utilisateur\Documents\microsoft_IA\Projets\Sign_Language_Recognition\dataset_final\R\R_026.jpg,R
R_027,C:\Users\utilisateur\Documents\microsoft_IA\Projets\Sign_Language_Recognition\dataset_final\R\R_027.jpg,R
R_028,C:\Users\utilisateur\Documents\microsoft_IA\Projets\Sign_Language_Recognition\dataset_final\R\R_028.jpg,R
R_029,C:\Users\utilisateur\Documents\microsoft_IA\Projets\Sign_Language_Recognition\dataset_final\R\R_029.jpg,R
R_030,C:\Users\utilisateur\Documents\microsoft_IA\Projets\Sign_Language_Recognition\dataset_final\R\R_030.jpg,R
S_000,C:\Users\utilisateur\Documents\microsoft_IA\Projets\Sign_Language_Recognition\dataset_final\S\S_000.jpg,S
S_001,C:\Users\utilisateur\Documents\microsoft_IA\Projets\Sign_Language_Recognition\dataset_final\S\S_001.jpg,S
S_002,C:\Users\utilisateur\Documents\microsoft_IA\Projets\Sign_Language_Recognition\dataset_final\S\S_002.jpg,S
S_003,C:\Users\utilisateur\Documents\microsoft_IA\Projets\Sign_Language_Recognition\dataset_final\S\S_003.jpg,S
S_004,C:\Users\utilisateur\Documents\microsoft_IA\Projets\Sign_Language_Recognition\dataset_final\S\S_004.jpg,S
S_005,C:\Users\utilisateur\Documents\microsoft_IA\Projets\Sign_Language_Recognition\dataset_final\S\S_005.jpg,S
S_006,C:\Users\utilisateur\Documents\microsoft_IA\Projets\Sign_Language_Recognition\dataset_final\S\S_006.jpg,S
S_007,C:\Users\utilisateur\Documents\microsoft_IA\Projets\Sign_Language_Recognition\dataset_final\S\S_007.jpg,S
S_008,C:\Users\utilisateur\Documents\microsoft_IA\Projets\Sign_Language_Recognition\dataset_final\S\S_008.jpg,S
S_009,C:\Users\utilisateur\Documents\microsoft_IA\Projets\Sign_Language_Recognition\dataset_final\S\S_009.jpg,S
S_010,C:\Users\utilisateur\Documents\microsoft_IA\Projets\Sign_Language_Recognition\dataset_final\S\S_010.jpg,S
S_011,C:\Users\utilisateur\Documents\microsoft_IA\Projets\Sign_Language_Recognition\dataset_final\S\S_011.jpg,S
S_012,C:\Users\utilisateur\Documents\microsoft_IA\Projets\Sign_Language_Recognition\dataset_final\S\S_012.jpg,S
S_013,C:\Users\utilisateur\Documents\microsoft_IA\Projets\Sign_Language_Recognition\dataset_final\S\S_013.jpg,S
S_014,C:\Users\utilisateur\Documents\microsoft_IA\Projets\Sign_Language_Recognition\dataset_final\S\S_014.jpg,S
S_015,C:\Users\utilisateur\Documents\microsoft_IA\Projets\Sign_Language_Recognition\dataset_final\S\S_015.jpg,S
S_016,C:\Users\utilisateur\Documents\microsoft_IA\Projets\Sign_Language_Recognition\dataset_final\S\S_016.jpg,S
S_017,C:\Users\utilisateur\Documents\microsoft_IA\Projets\Sign_Language_Recognition\dataset_final\S\S_017.jpg,S
S_018,C:\Users\utilisateur\Documents\microsoft_IA\Projets\Sign_Language_Recognition\dataset_final\S\S_018.jpg,S
S_019,C:\Users\utilisateur\Documents\microsoft_IA\Projets\Sign_Language_Recognition\dataset_final\S\S_019.jpg,S
S_020,C:\Users\utilisateur\Documents\microsoft_IA\Projets\Sign_Language_Recognition\dataset_final\S\S_020.jpg,S
S_021,C:\Users\utilisateur\Documents\microsoft_IA\Projets\Sign_Language_Recognition\dataset_final\S\S_021.jpg,S
S_022,C:\Users\utilisateur\Documents\microsoft_IA\Projets\Sign_Language_Recognition\dataset_final\S\S_022.jpg,S
S_023,C:\Users\utilisateur\Documents\microsoft_IA\Projets\Sign_Language_Recognition\dataset_final\S\S_023.jpg,S
S_024,C:\Users\utilisateur\Documents\microsoft_IA\Projets\Sign_Language_Recognition\dataset_final\S\S_024.jpg,S
T_000,C:\Users\utilisateur\Documents\microsoft_IA\Projets\Sign_Language_Recognition\dataset_final\T\T_000.jpg,T
T_001,C:\Users\utilisateur\Documents\microsoft_IA\Projets\Sign_Language_Recognition\dataset_final\T\T_001.jpg,T
T_002,C:\Users\utilisateur\Documents\microsoft_IA\Projets\Sign_Language_Recognition\dataset_final\T\T_002.jpg,T
T_003,C:\Users\utilisateur\Documents\microsoft_IA\Projets\Sign_Language_Recognition\dataset_final\T\T_003.jpg,T
T_004,C:\Users\utilisateur\Documents\microsoft_IA\Projets\Sign_Language_Recognition\dataset_final\T\T_004.jpg,T
T_005,C:\Users\utilisateur\Documents\microsoft_IA\Projets\Sign_Language_Recognition\dataset_final\T\T_005.jpg,T
T_006,C:\Users\utilisateur\Documents\microsoft_IA\Projets\Sign_Language_Recognition\dataset_final\T\T_006.jpg,T
T_007,C:\Users\utilisateur\Documents\microsoft_IA\Projets\Sign_Language_Recognition\dataset_final\T\T_007.jpg,T
T_008,C:\Users\utilisateur\Documents\microsoft_IA\Projets\Sign_Language_Recognition\dataset_final\T\T_008.jpg,T
T_009,C:\Users\utilisateur\Documents\microsoft_IA\Projets\Sign_Language_Recognition\dataset_final\T\T_009.jpg,T
T_010,C:\Users\utilisateur\Documents\microsoft_IA\Projets\Sign_Language_Recognition\dataset_final\T\T_010.jpg,T
T_011,C:\Users\utilisateur\Documents\microsoft_IA\Projets\Sign_Language_Recognition\dataset_final\T\T_011.jpg,T
T_012,C:\Users\utilisateur\Documents\microsoft_IA\Projets\Sign_Language_Recognition\dataset_final\T\T_012.jpg,T
T_013,C:\Users\utilisateur\Documents\microsoft_IA\Projets\Sign_Language_Recognition\dataset_final\T\T_013.jpg,T
T_014,C:\Users\utilisateur\Documents\microsoft_IA\Projets\Sign_Language_Recognition\dataset_final\T\T_014.jpg,T
T_015,C:\Users\utilisateur\Documents\microsoft_IA\Projets\Sign_Language_Recognition\dataset_final\T\T_015.jpg,T
T_016,C:\Users\utilisateur\Documents\microsoft_IA\Projets\Sign_Language_Recognition\dataset_final\T\T_016.jpg,T
T_017,C:\Users\utilisateur\Documents\microsoft_IA\Projets\Sign_Language_Recognition\dataset_final\T\T_017.jpg,T
T_018,C:\Users\utilisateur\Documents\microsoft_IA\Projets\Sign_Language_Recognition\dataset_final\T\T_018.jpg,T
T_019,C:\Users\utilisateur\Documents\microsoft_IA\Projets\Sign_Language_Recognition\dataset_final\T\T_019.jpg,T
T_020,C:\Users\utilisateur\Documents\microsoft_IA\Projets\Sign_Language_Recognition\dataset_final\T\T_020.jpg,T
T_021,C:\Users\utilisateur\Documents\microsoft_IA\Projets\Sign_Language_Recognition\dataset_final\T\T_021.jpg,T
T_022,C:\Users\utilisateur\Documents\microsoft_IA\Projets\Sign_Language_Recognition\dataset_final\T\T_022.jpg,T
T_023,C:\Users\utilisateur\Documents\microsoft_IA\Projets\Sign_Language_Recognition\dataset_final\T\T_023.jpg,T
T_024,C:\Users\utilisateur\Documents\microsoft_IA\Projets\Sign_Language_Recognition\dataset_final\T\T_024.jpg,T
T_025,C:\Users\utilisateur\Documents\microsoft_IA\Projets\Sign_Language_Recognition\dataset_final\T\T_025.jpg,T
T_026,C:\Users\utilisateur\Documents\microsoft_IA\Projets\Sign_Language_Recognition\dataset_final\T\T_026.jpg,T
T_027,C:\Users\utilisateur\Documents\microsoft_IA\Projets\Sign_Language_Recognition\dataset_final\T\T_027.jpg,T
T_028,C:\Users\utilisateur\Documents\microsoft_IA\Projets\Sign_Language_Recognition\dataset_final\T\T_028.jpg,T
T_029,C:\Users\utilisateur\Documents\microsoft_IA\Projets\Sign_Language_Recognition\dataset_final\T\T_029.jpg,T
T_030,C:\Users\utilisateur\Documents\microsoft_IA\Projets\Sign_Language_Recognition\dataset_final\T\T_030.jpg,T
U_000,C:\Users\utilisateur\Documents\microsoft_IA\Projets\Sign_Language_Recognition\dataset_final\U\U_000.jpg,U
U_001,C:\Users\utilisateur\Documents\microsoft_IA\Projets\Sign_Language_Recognition\dataset_final\U\U_001.jpg,U
U_002,C:\Users\utilisateur\Documents\microsoft_IA\Projets\Sign_Language_Recognition\dataset_final\U\U_002.jpg,U
U_003,C:\Users\utilisateur\Documents\microsoft_IA\Projets\Sign_Language_Recognition\dataset_final\U\U_003.jpg,U
U_004,C:\Users\utilisateur\Documents\microsoft_IA\Projets\Sign_Language_Recognition\dataset_final\U\U_004.jpg,U
U_005,C:\Users\utilisateur\Documents\microsoft_IA\Projets\Sign_Language_Recognition\dataset_final\U\U_005.jpg,U
U_006,C:\Users\utilisateur\Documents\microsoft_IA\Projets\Sign_Language_Recognition\dataset_final\U\U_006.jpg,U
U_007,C:\Users\utilisateur\Documents\microsoft_IA\Projets\Sign_Language_Recognition\dataset_final\U\U_007.jpg,U
U_008,C:\Users\utilisateur\Documents\microsoft_IA\Projets\Sign_Language_Recognition\dataset_final\U\U_008.jpg,U
U_009,C:\Users\utilisateur\Documents\microsoft_IA\Projets\Sign_Language_Recognition\dataset_final\U\U_009.jpg,U
U_010,C:\Users\utilisateur\Documents\microsoft_IA\Projets\Sign_Language_Recognition\dataset_final\U\U_010.jpg,U
U_011,C:\Users\utilisateur\Documents\microsoft_IA\Projets\Sign_Language_Recognition\dataset_final\U\U_011.jpg,U
U_012,C:\Users\utilisateur\Documents\microsoft_IA\Projets\Sign_Language_Recognition\dataset_final\U\U_012.jpg,U
U_013,C:\Users\utilisateur\Documents\microsoft_IA\Projets\Sign_Language_Recognition\dataset_final\U\U_013.jpg,U
U_014,C:\Users\utilisateur\Documents\microsoft_IA\Projets\Sign_Language_Recognition\dataset_final\U\U_014.jpg,U
U_015,C:\Users\utilisateur\Documents\microsoft_IA\Projets\Sign_Language_Recognition\dataset_final\U\U_015.jpg,U
U_016,C:\Users\utilisateur\Documents\microsoft_IA\Projets\Sign_Language_Recognition\dataset_final\U\U_016.jpg,U
U_017,C:\Users\utilisateur\Documents\microsoft_IA\Projets\Sign_Language_Recognition\dataset_final\U\U_017.jpg,U
U_018,C:\Users\utilisateur\Documents\microsoft_IA\Projets\Sign_Language_Recognition\dataset_final\U\U_018.jpg,U
U_019,C:\Users\utilisateur\Documents\microsoft_IA\Projets\Sign_Language_Recognition\dataset_final\U\U_019.jpg,U
U_020,C:\Users\utilisateur\Documents\microsoft_IA\Projets\Sign_Language_Recognition\dataset_final\U\U_020.jpg,U
U_021,C:\Users\utilisateur\Documents\microsoft_IA\Projets\Sign_Language_Recognition\dataset_final\U\U_021.jpg,U
U_022,C:\Users\utilisateur\Documents\microsoft_IA\Projets\Sign_Language_Recognition\dataset_final\U\U_022.jpg,U
U_023,C:\Users\utilisateur\Documents\microsoft_IA\Projets\Sign_Language_Recognition\dataset_final\U\U_023.jpg,U
U_024,C:\Users\utilisateur\Documents\microsoft_IA\Projets\Sign_Language_Recognition\dataset_final\U\U_024.jpg,U
U_025,C:\Users\utilisateur\Documents\microsoft_IA\Projets\Sign_Language_Recognition\dataset_final\U\U_025.jpg,U
U_026,C:\Users\utilisateur\Documents\microsoft_IA\Projets\Sign_Language_Recognition\dataset_final\U\U_026.jpg,U
V_000,C:\Users\utilisateur\Documents\microsoft_IA\Projets\Sign_Language_Recognition\dataset_final\V\V_000.jpg,V
V_001,C:\Users\utilisateur\Documents\microsoft_IA\Projets\Sign_Language_Recognition\dataset_final\V\V_001.jpg,V
V_002,C:\Users\utilisateur\Documents\microsoft_IA\Projets\Sign_Language_Recognition\dataset_final\V\V_002.jpg,V
V_003,C:\Users\utilisateur\Documents\microsoft_IA\Projets\Sign_Language_Recognition\dataset_final\V\V_003.jpg,V
V_004,C:\Users\utilisateur\Documents\microsoft_IA\Projets\Sign_Language_Recognition\dataset_final\V\V_004.jpg,V
V_005,C:\Users\utilisateur\Documents\microsoft_IA\Projets\Sign_Language_Recognition\dataset_final\V\V_005.jpg,V
V_006,C:\Users\utilisateur\Documents\microsoft_IA\Projets\Sign_Language_Recognition\dataset_final\V\V_006.jpg,V
V_007,C:\Users\utilisateur\Documents\microsoft_IA\Projets\Sign_Language_Recognition\dataset_final\V\V_007.jpg,V
V_008,C:\Users\utilisateur\Documents\microsoft_IA\Projets\Sign_Language_Recognition\dataset_final\V\V_008.jpg,V
V_009,C:\Users\utilisateur\Documents\microsoft_IA\Projets\Sign_Language_Recognition\dataset_final\V\V_009.jpg,V
V_010,C:\Users\utilisateur\Documents\microsoft_IA\Projets\Sign_Language_Recognition\dataset_final\V\V_010.jpg,V
V_011,C:\Users\utilisateur\Documents\microsoft_IA\Projets\Sign_Language_Recognition\dataset_final\V\V_011.jpg,V
V_012,C:\Users\utilisateur\Documents\microsoft_IA\Projets\Sign_Language_Recognition\dataset_final\V\V_012.jpg,V
V_013,C:\Users\utilisateur\Documents\microsoft_IA\Projets\Sign_Language_Recognition\dataset_final\V\V_013.jpg,V
V_014,C:\Users\utilisateur\Documents\microsoft_IA\Projets\Sign_Language_Recognition\dataset_final\V\V_014.jpg,V
V_015,C:\Users\utilisateur\Documents\microsoft_IA\Projets\Sign_Language_Recognition\dataset_final\V\V_015.jpg,V
V_016,C:\Users\utilisateur\Documents\microsoft_IA\Projets\Sign_Language_Recognition\dataset_final\V\V_016.jpg,V
V_017,C:\Users\utilisateur\Documents\microsoft_IA\Projets\Sign_Language_Recognition\dataset_final\V\V_017.jpg,V
V_018,C:\Users\utilisateur\Documents\microsoft_IA\Projets\Sign_Language_Recognition\dataset_final\V\V_018.jpg,V
V_019,C:\Users\utilisateur\Documents\microsoft_IA\Projets\Sign_Language_Recognition\dataset_final\V\V_019.jpg,V
V_020,C:\Users\utilisateur\Documents\microsoft_IA\Projets\Sign_Language_Recognition\dataset_final\V\V_020.jpg,V
V_021,C:\Users\utilisateur\Documents\microsoft_IA\Projets\Sign_Language_Recognition\dataset_final\V\V_021.jpg,V
V_022,C:\Users\utilisateur\Documents\microsoft_IA\Projets\Sign_Language_Recognition\dataset_final\V\V_022.jpg,V
V_023,C:\Users\utilisateur\Documents\microsoft_IA\Projets\Sign_Language_Recognition\dataset_final\V\V_023.jpg,V
V_024,C:\Users\utilisateur\Documents\microsoft_IA\Projets\Sign_Language_Recognition\dataset_final\V\V_024.jpg,V
V_025,C:\Users\utilisateur\Documents\microsoft_IA\Projets\Sign_Language_Recognition\dataset_final\V\V_025.jpg,V
W_000,C:\Users\utilisateur\Documents\microsoft_IA\Projets\Sign_Language_Recognition\dataset_final\W\W_000.jpg,W
W_001,C:\Users\utilisateur\Documents\microsoft_IA\Projets\Sign_Language_Recognition\dataset_final\W\W_001.jpg,W
W_002,C:\Users\utilisateur\Documents\microsoft_IA\Projets\Sign_Language_Recognition\dataset_final\W\W_002.jpg,W
W_003,C:\Users\utilisateur\Documents\microsoft_IA\Projets\Sign_Language_Recognition\dataset_final\W\W_003.jpg,W
W_004,C:\Users\utilisateur\Documents\microsoft_IA\Projets\Sign_Language_Recognition\dataset_final\W\W_004.jpg,W
W_005,C:\Users\utilisateur\Documents\microsoft_IA\Projets\Sign_Language_Recognition\dataset_final\W\W_005.jpg,W
W_006,C:\Users\utilisateur\Documents\microsoft_IA\Projets\Sign_Language_Recognition\dataset_final\W\W_006.jpg,W
W_007,C:\Users\utilisateur\Documents\microsoft_IA\Projets\Sign_Language_Recognition\dataset_final\W\W_007.jpg,W
W_008,C:\Users\utilisateur\Documents\microsoft_IA\Projets\Sign_Language_Recognition\dataset_final\W\W_008.jpg,W
W_009,C:\Users\utilisateur\Documents\microsoft_IA\Projets\Sign_Language_Recognition\dataset_final\W\W_009.jpg,W
W_010,C:\Users\utilisateur\Documents\microsoft_IA\Projets\Sign_Language_Recognition\dataset_final\W\W_010.jpg,W
W_011,C:\Users\utilisateur\Documents\microsoft_IA\Projets\Sign_Language_Recognition\dataset_final\W\W_011.jpg,W
W_012,C:\Users\utilisateur\Documents\microsoft_IA\Projets\Sign_Language_Recognition\dataset_final\W\W_012.jpg,W
W_013,C:\Users\utilisateur\Documents\microsoft_IA\Projets\Sign_Language_Recognition\dataset_final\W\W_013.jpg,W
W_014,C:\Users\utilisateur\Documents\microsoft_IA\Projets\Sign_Language_Recognition\dataset_final\W\W_014.jpg,W
W_015,C:\Users\utilisateur\Documents\microsoft_IA\Projets\Sign_Language_Recognition\dataset_final\W\W_015.jpg,W
W_016,C:\Users\utilisateur\Documents\microsoft_IA\Projets\Sign_Language_Recognition\dataset_final\W\W_016.jpg,W
W_017,C:\Users\utilisateur\Documents\microsoft_IA\Projets\Sign_Language_Recognition\dataset_final\W\W_017.jpg,W
W_018,C:\Users\utilisateur\Documents\microsoft_IA\Projets\Sign_Language_Recognition\dataset_final\W\W_018.jpg,W
W_019,C:\Users\utilisateur\Documents\microsoft_IA\Projets\Sign_Language_Recognition\dataset_final\W\W_019.jpg,W
W_020,C:\Users\utilisateur\Documents\microsoft_IA\Projets\Sign_Language_Recognition\dataset_final\W\W_020.jpg,W
W_021,C:\Users\utilisateur\Documents\microsoft_IA\Projets\Sign_Language_Recognition\dataset_final\W\W_021.jpg,W
W_022,C:\Users\utilisateur\Documents\microsoft_IA\Projets\Sign_Language_Recognition\dataset_final\W\W_022.jpg,W
W_023,C:\Users\utilisateur\Documents\microsoft_IA\Projets\Sign_Language_Recognition\dataset_final\W\W_023.jpg,W
W_024,C:\Users\utilisateur\Documents\microsoft_IA\Projets\Sign_Language_Recognition\dataset_final\W\W_024.jpg,W
W_025,C:\Users\utilisateur\Documents\microsoft_IA\Projets\Sign_Language_Recognition\dataset_final\W\W_025.jpg,W
W_026,C:\Users\utilisateur\Documents\microsoft_IA\Projets\Sign_Language_Recognition\dataset_final\W\W_026.jpg,W
W_027,C:\Users\utilisateur\Documents\microsoft_IA\Projets\Sign_Language_Recognition\dataset_final\W\W_027.jpg,W
W_028,C:\Users\utilisateur\Documents\microsoft_IA\Projets\Sign_Language_Recognition\dataset_final\W\W_028.jpg,W
W_029,C:\Users\utilisateur\Documents\microsoft_IA\Projets\Sign_Language_Recognition\dataset_final\W\W_029.jpg,W
W_030,C:\Users\utilisateur\Documents\microsoft_IA\Projets\Sign_Language_Recognition\dataset_final\W\W_030.jpg,W
W_031,C:\Users\utilisateur\Documents\microsoft_IA\Projets\Sign_Language_Recognition\dataset_final\W\W_031.jpg,W
W_032,C:\Users\utilisateur\Documents\microsoft_IA\Projets\Sign_Language_Recognition\dataset_final\W\W_032.jpg,W
W_033,C:\Users\utilisateur\Documents\microsoft_IA\Projets\Sign_Language_Recognition\dataset_final\W\W_033.jpg,W
W_034,C:\Users\utilisateur\Documents\microsoft_IA\Projets\Sign_Language_Recognition\dataset_final\W\W_034.jpg,W
X_000,C:\Users\utilisateur\Documents\microsoft_IA\Projets\Sign_Language_Recognition\dataset_final\X\X_000.jpg,X
X_001,C:\Users\utilisateur\Documents\microsoft_IA\Projets\Sign_Language_Recognition\dataset_final\X\X_001.jpg,X
X_002,C:\Users\utilisateur\Documents\microsoft_IA\Projets\Sign_Language_Recognition\dataset_final\X\X_002.jpg,X
X_003,C:\Users\utilisateur\Documents\microsoft_IA\Projets\Sign_Language_Recognition\dataset_final\X\X_003.jpg,X
X_004,C:\Users\utilisateur\Documents\microsoft_IA\Projets\Sign_Language_Recognition\dataset_final\X\X_004.jpg,X
X_005,C:\Users\utilisateur\Documents\microsoft_IA\Projets\Sign_Language_Recognition\dataset_final\X\X_005.jpg,X
X_006,C:\Users\utilisateur\Documents\microsoft_IA\Projets\Sign_Language_Recognition\dataset_final\X\X_006.jpg,X
X_007,C:\Users\utilisateur\Documents\microsoft_IA\Projets\Sign_Language_Recognition\dataset_final\X\X_007.jpg,X
X_008,C:\Users\utilisateur\Documents\microsoft_IA\Projets\Sign_Language_Recognition\dataset_final\X\X_008.jpg,X
X_009,C:\Users\utilisateur\Documents\microsoft_IA\Projets\Sign_Language_Recognition\dataset_final\X\X_009.jpg,X
X_010,C:\Users\utilisateur\Documents\microsoft_IA\Projets\Sign_Language_Recognition\dataset_final\X\X_010.jpg,X
X_011,C:\Users\utilisateur\Documents\microsoft_IA\Projets\Sign_Language_Recognition\dataset_final\X\X_011.jpg,X
X_012,C:\Users\utilisateur\Documents\microsoft_IA\Projets\Sign_Language_Recognition\dataset_final\X\X_012.jpg,X
X_013,C:\Users\utilisateur\Documents\microsoft_IA\Projets\Sign_Language_Recognition\dataset_final\X\X_013.jpg,X
X_014,C:\Users\utilisateur\Documents\microsoft_IA\Projets\Sign_Language_Recognition\dataset_final\X\X_014.jpg,X
X_015,C:\Users\utilisateur\Documents\microsoft_IA\Projets\Sign_Language_Recognition\dataset_final\X\X_015.jpg,X
X_016,C:\Users\utilisateur\Documents\microsoft_IA\Projets\Sign_Language_Recognition\dataset_final\X\X_016.jpg,X
X_017,C:\Users\utilisateur\Documents\microsoft_IA\Projets\Sign_Language_Recognition\dataset_final\X\X_017.jpg,X
X_018,C:\Users\utilisateur\Documents\microsoft_IA\Projets\Sign_Language_Recognition\dataset_final\X\X_018.jpg,X
X_019,C:\Users\utilisateur\Documents\microsoft_IA\Projets\Sign_Language_Recognition\dataset_final\X\X_019.jpg,X
X_020,C:\Users\utilisateur\Documents\microsoft_IA\Projets\Sign_Language_Recognition\dataset_final\X\X_020.jpg,X
X_021,C:\Users\utilisateur\Documents\microsoft_IA\Projets\Sign_Language_Recognition\dataset_final\X\X_021.jpg,X
X_022,C:\Users\utilisateur\Documents\microsoft_IA\Projets\Sign_Language_Recognition\dataset_final\X\X_022.jpg,X
X_023,C:\Users\utilisateur\Documents\microsoft_IA\Projets\Sign_Language_Recognition\dataset_final\X\X_023.jpg,X
X_024,C:\Users\utilisateur\Documents\microsoft_IA\Projets\Sign_Language_Recognition\dataset_final\X\X_024.jpg,X
X_025,C:\Users\utilisateur\Documents\microsoft_IA\Projets\Sign_Language_Recognition\dataset_final\X\X_025.jpg,X
X_026,C:\Users\utilisateur\Documents\microsoft_IA\Projets\Sign_Language_Recognition\dataset_final\X\X_026.jpg,X
Y_000,C:\Users\utilisateur\Documents\microsoft_IA\Projets\Sign_Language_Recognition\dataset_final\Y\Y_000.jpg,Y
Y_001,C:\Users\utilisateur\Documents\microsoft_IA\Projets\Sign_Language_Recognition\dataset_final\Y\Y_001.jpg,Y
Y_002,C:\Users\utilisateur\Documents\microsoft_IA\Projets\Sign_Language_Recognition\dataset_final\Y\Y_002.jpg,Y
Y_003,C:\Users\utilisateur\Documents\microsoft_IA\Projets\Sign_Language_Recognition\dataset_final\Y\Y_003.jpg,Y
Y_004,C:\Users\utilisateur\Documents\microsoft_IA\Projets\Sign_Language_Recognition\dataset_final\Y\Y_004.jpg,Y
Y_005,C:\Users\utilisateur\Documents\microsoft_IA\Projets\Sign_Language_Recognition\dataset_final\Y\Y_005.jpg,Y
Y_006,C:\Users\utilisateur\Documents\microsoft_IA\Projets\Sign_Language_Recognition\dataset_final\Y\Y_006.jpg,Y
Y_007,C:\Users\utilisateur\Documents\microsoft_IA\Projets\Sign_Language_Recognition\dataset_final\Y\Y_007.jpg,Y
Y_008,C:\Users\utilisateur\Documents\microsoft_IA\Projets\Sign_Language_Recognition\dataset_final\Y\Y_008.jpg,Y
Y_009,C:\Users\utilisateur\Documents\microsoft_IA\Projets\Sign_Language_Recognition\dataset_final\Y\Y_009.jpg,Y
Y_010,C:\Users\utilisateur\Documents\microsoft_IA\Projets\Sign_Language_Recognition\dataset_final\Y\Y_010.jpg,Y
Y_011,C:\Users\utilisateur\Documents\microsoft_IA\Projets\Sign_Language_Recognition\dataset_final\Y\Y_011.jpg,Y
Y_012,C:\Users\utilisateur\Documents\microsoft_IA\Projets\Sign_Language_Recognition\dataset_final\Y\Y_012.jpg,Y
Y_013,C:\Users\utilisateur\Documents\microsoft_IA\Projets\Sign_Language_Recognition\dataset_final\Y\Y_013.jpg,Y
Y_014,C:\Users\utilisateur\Documents\microsoft_IA\Projets\Sign_Language_Recognition\dataset_final\Y\Y_014.jpg,Y
Y_015,C:\Users\utilisateur\Documents\microsoft_IA\Projets\Sign_Language_Recognition\dataset_final\Y\Y_015.jpg,Y
Y_016,C:\Users\utilisateur\Documents\microsoft_IA\Projets\Sign_Language_Recognition\dataset_final\Y\Y_016.jpg,Y
Y_017,C:\Users\utilisateur\Documents\microsoft_IA\Projets\Sign_Language_Recognition\dataset_final\Y\Y_017.jpg,Y
Y_018,C:\Users\utilisateur\Documents\microsoft_IA\Projets\Sign_Language_Recognition\dataset_final\Y\Y_018.jpg,Y
Y_019,C:\Users\utilisateur\Documents\microsoft_IA\Projets\Sign_Language_Recognition\dataset_final\Y\Y_019.jpg,Y
Y_020,C:\Users\utilisateur\Documents\microsoft_IA\Projets\Sign_Language_Recognition\dataset_final\Y\Y_020.jpg,Y
Y_021,C:\Users\utilisateur\Documents\microsoft_IA\Projets\Sign_Language_Recognition\dataset_final\Y\Y_021.jpg,Y
Y_022,C:\Users\utilisateur\Documents\microsoft_IA\Projets\Sign_Language_Recognition\dataset_final\Y\Y_022.jpg,Y
Y_023,C:\Users\utilisateur\Documents\microsoft_IA\Projets\Sign_Language_Recognition\dataset_final\Y\Y_023.jpg,Y
Y_024,C:\Users\utilisateur\Documents\microsoft_IA\Projets\Sign_Language_Recognition\dataset_final\Y\Y_024.jpg,Y
Y_025,C:\Users\utilisateur\Documents\microsoft_IA\Projets\Sign_Language_Recognition\dataset_final\Y\Y_025.jpg,Y
Y_026,C:\Users\utilisateur\Documents\microsoft_IA\Projets\Sign_Language_Recognition\dataset_final\Y\Y_026.jpg,Y
Y_027,C:\Users\utilisateur\Documents\microsoft_IA\Projets\Sign_Language_Recognition\dataset_final\Y\Y_027.jpg,Y
Y_028,C:\Users\utilisateur\Documents\microsoft_IA\Projets\Sign_Language_Recognition\dataset_final\Y\Y_028.jpg,Y
Y_029,C:\Users\utilisateur\Documents\microsoft_IA\Projets\Sign_Language_Recognition\dataset_final\Y\Y_029.jpg,Y
Y_030,C:\Users\utilisateur\Documents\microsoft_IA\Projets\Sign_Language_Recognition\dataset_final\Y\Y_030.jpg,Y
Y_031,C:\Users\utilisateur\Documents\microsoft_IA\Projets\Sign_Language_Recognition\dataset_final\Y\Y_031.jpg,Y
Y_032,C:\Users\utilisateur\Documents\microsoft_IA\Projets\Sign_Language_Recognition\dataset_final\Y\Y_032.jpg,Y
Y_033,C:\Users\utilisateur\Documents\microsoft_IA\Projets\Sign_Language_Recognition\dataset_final\Y\Y_033.jpg,Y
Y_034,C:\Users\utilisateur\Documents\microsoft_IA\Projets\Sign_Language_Recognition\dataset_final\Y\Y_034.jpg,Y
Y_035,C:\Users\utilisateur\Documents\microsoft_IA\Projets\Sign_Language_Recognition\dataset_final\Y\Y_035.jpg,Y
Z_000,C:\Users\utilisateur\Documents\microsoft_IA\Projets\Sign_Language_Recognition\dataset_final\Z\Z_000.jpg,Z
Z_001,C:\Users\utilisateur\Documents\microsoft_IA\Projets\Sign_Language_Recognition\dataset_final\Z\Z_001.jpg,Z
Z_002,C:\Users\utilisateur\Documents\microsoft_IA\Projets\Sign_Language_Recognition\dataset_final\Z\Z_002.jpg,Z
Z_003,C:\Users\utilisateur\Documents\microsoft_IA\Projets\Sign_Language_Recognition\dataset_final\Z\Z_003.jpg,Z
Z_004,C:\Users\utilisateur\Documents\microsoft_IA\Projets\Sign_Language_Recognition\dataset_final\Z\Z_004.jpg,Z
Z_005,C:\Users\utilisateur\Documents\microsoft_IA\Projets\Sign_Language_Recognition\dataset_final\Z\Z_005.jpg,Z
Z_006,C:\Users\utilisateur\Documents\microsoft_IA\Projets\Sign_Language_Recognition\dataset_final\Z\Z_006.jpg,Z
Z_007,C:\Users\utilisateur\Documents\microsoft_IA\Projets\Sign_Language_Recognition\dataset_final\Z\Z_007.jpg,Z
Z_008,C:\Users\utilisateur\Documents\microsoft_IA\Projets\Sign_Language_Recognition\dataset_final\Z\Z_008.jpg,Z
Z_009,C:\Users\utilisateur\Documents\microsoft_IA\Projets\Sign_Language_Recognition\dataset_final\Z\Z_009.jpg,Z
Z_010,C:\Users\utilisateur\Documents\microsoft_IA\Projets\Sign_Language_Recognition\dataset_final\Z\Z_010.jpg,Z
Z_011,C:\Users\utilisateur\Documents\microsoft_IA\Projets\Sign_Language_Recognition\dataset_final\Z\Z_011.jpg,Z
Z_012,C:\Users\utilisateur\Documents\microsoft_IA\Projets\Sign_Language_Recognition\dataset_final\Z\Z_012.jpg,Z
Z_013,C:\Users\utilisateur\Documents\microsoft_IA\Projets\Sign_Language_Recognition\dataset_final\Z\Z_013.jpg,Z
Z_014,C:\Users\utilisateur\Documents\microsoft_IA\Projets\Sign_Language_Recognition\dataset_final\Z\Z_014.jpg,Z
Z_015,C:\Users\utilisateur\Documents\microsoft_IA\Projets\Sign_Language_Recognition\dataset_final\Z\Z_015.jpg,Z
Z_016,C:\Users\utilisateur\Documents\microsoft_IA\Projets\Sign_Language_Recognition\dataset_final\Z\Z_016.jpg,Z
Z_017,C:\Users\utilisateur\Documents\microsoft_IA\Projets\Sign_Language_Recognition\dataset_final\Z\Z_017.jpg,Z
Z_018,C:\Users\utilisateur\Documents\microsoft_IA\Projets\Sign_Language_Recognition\dataset_final\Z\Z_018.jpg,Z
Z_019,C:\Users\utilisateur\Documents\microsoft_IA\Projets\Sign_Language_Recognition\dataset_final\Z\Z_019.jpg,Z
Z_020,C:\Users\utilisateur\Documents\microsoft_IA\Projets\Sign_Language_Recognition\dataset_final\Z\Z_020.jpg,Z
Z_021,C:\Users\utilisateur\Documents\microsoft_IA\Projets\Sign_Language_Recognition\dataset_final\Z\Z_021.jpg,Z
Z_022,C:\Users\utilisateur\Documents\microsoft_IA\Projets\Sign_Language_Recognition\dataset_final\Z\Z_022.jpg,Z
Z_023,C:\Users\utilisateur\Documents\microsoft_IA\Projets\Sign_Language_Recognition\dataset_final\Z\Z_023.jpg,Z
Z_024,C:\Users\utilisateur\Documents\microsoft_IA\Projets\Sign_Language_Recognition\dataset_final\Z\Z_024.jpg,Z
Z_025,C:\Users\utilisateur\Documents\microsoft_IA\Projets\Sign_Language_Recognition\dataset_final\Z\Z_025.jpg,Z
Z_026,C:\Users\utilisateur\Documents\microsoft_IA\Projets\Sign_Language_Recognition\dataset_final\Z\Z_026.jpg,Z
Z_027,C:\Users\utilisateur\Documents\microsoft_IA\Projets\Sign_Language_Recognition\dataset_final\Z\Z_027.jpg,Z
Z_028,C:\Users\utilisateur\Documents\microsoft_IA\Projets\Sign_Language_Recognition\dataset_final\Z\Z_028.jpg,Z
Z_029,C:\Users\utilisateur\Documents\microsoft_IA\Projets\Sign_Language_Recognition\dataset_final\Z\Z_029.jpg,Z
Z_030,C:\Users\utilisateur\Documents\microsoft_IA\Projets\Sign_Language_Recognition\dataset_final\Z\Z_030.jpg,Z
Z_031,C:\Users\utilisateur\Documents\microsoft_IA\Projets\Sign_Language_Recognition\dataset_final\Z\Z_031.jpg,Z
